smiles,SARSCoV2_Vitro_Touret
CCN(CC)CCNC(=O)c1cc(Br)c(N)cc1OC,0
C=CCOc1ccccc1OCC(O)CNC(C)C,1
O=C(O)c1ccccc1OP(=O)(O)O,0
CS(=O)(=O)c1ccc([C@@H](O)[C@@H](CF)NC(=O)C(Cl)Cl)cc1,0
NC(=O)Nc1ccc([As](=O)(O)O)cc1,0
CC(C)(C)NC[C@H](O)c1ccc(O)c(CO)c1,1
Cc1ccccc1OCC(O)CO,0
C/C=C/C(=O)N(CC)c1ccccc1C,0
CCCNC(C)(C)COC(=O)c1ccccc1,1
CC(C)(N)Cc1ccccc1,1
CC(CN(C)C)C(C)(O)Cc1ccc(Cl)cc1,0
CCCCOc1cc(C(=O)OCCN(CC)CC)ccc1N,1
NNCCc1ccccc1,0
NCC(O)c1ccc(O)cc1,0
Cc1ccc(C)c(OCCCC(C)(C)C(=O)O)c1,0
CN(C)C(=O)Oc1cc(OC(=O)N(C)C)cc(C(O)CNC(C)(C)C)c1,0
NC(CO)C(=O)NNCc1ccc(O)c(O)c1O,0
CCC(C)C(C(=O)OCC[N+](C)(CC)CC)c1ccccc1,0
CC(=O)Nc1ccc(OCC(O)CNC(C)C)cc1,0
CCCCOc1ccc(CC(=O)NO)cc1,0
CCC(C)(CN(C)C)OC(=O)c1ccccc1,0
COC[C@@H](NC(C)=O)C(=O)NCc1ccccc1,0
COc1cc(C)c(/C=C/C(C)=C/C=C/C(C)=C/C(=O)O)c(C)c1C,0
CN(C)C(=O)Oc1cccc([N+](C)(C)C)c1,0
NCCc1ccc(O)c(O)c1,1
CC(=O)Nc1ccc(C(=O)O)cc1,0
CCN(CC)CCNC(=O)c1ccc(N)cc1,0
CCCCOC(=O)c1ccc(N)cc1,0
C/C=C/c1ccc(OC)cc1,1
C=CCc1ccccc1OCC(O)CNC(C)C,0
CNCC(O)c1ccc(OC(=O)C(C)(C)C)c(OC(=O)C(C)(C)C)c1,1
CC(C)(C)NCC(O)c1ccccc1Cl,0
CC(=O)Nc1ccccc1,0
NS(=O)(=O)c1cc(Cl)c(Cl)c(S(N)(=O)=O)c1,0
COc1ccccc1O,0
CC(=O)Oc1ccccc1C(=O)O,0
Nc1ccc(C(=O)NCC(=O)O)cc1,0
CC(=O)Oc1cc(C(F)(F)F)ccc1C(=O)O,0
CC(=O)Nc1ccc(CC(=O)O)cc1,0
CCN(CC)CCNC(=O)c1cc(Cl)c(N)cc1OC,0
N[C@H](Cc1ccccc1)C(=O)O,0
CC(COc1ccccc1)NN,0
CC(=O)N(CC(O)CO)c1c(I)c(C(=O)NCC(O)CO)c(I)c(C(=O)NCC(O)CO)c1I,0
C#CCN(C)[C@H](C)Cc1ccccc1,0
NC(N)=NS(=O)(=O)c1ccc(N)cc1,0
Cc1ccc(S(=O)(=O)[N-]Cl)cc1,0
C[C@H](N)[C@H](O)c1cccc(O)c1,0
CNCC(O)c1ccc(O)cc1,0
CCCOc1cc(N)ccc1C(=O)OCCN(CC)CC,0
CCCC(=O)Nc1ccc(OCC(O)CNC(C)C)c(C(C)=O)c1,0
COc1ccc(OC)c(C(O)C(C)N)c1,0
CC(=O)Nc1cccc(O)c1,0
NCc1ccc(S(N)(=O)=O)cc1,0
C[C@@H](N)[C@@H](O)c1ccccc1,0
CCCN(CCC)S(=O)(=O)c1ccc(C(=O)O)cc1,0
CC(C)C[C@H](NC(=O)[C@@H](O)[C@H](N)Cc1ccccc1)C(=O)O,0
CCOC(=O)c1ccc(OC(=O)CCCCCN=C(N)N)cc1,0
CCNCC(O)c1cccc(O)c1,0
Cc1cccc(C)c1NC(=O)C(C)N,0
CCCCCCOc1ccccc1C(N)=O,0
CCCNC(C)C(=O)Nc1ccccc1C,0
NC(=O)OCCCc1ccccc1,0
C=C(CC)C(=O)c1ccc(OCC(=O)O)c(Cl)c1Cl,0
CCC(Cc1c(I)cc(I)c(N)c1I)C(=O)O,0
NC(=O)OCC(COC(N)=O)c1ccccc1,0
CC(=O)[N-]S(=O)(=O)c1ccc(N)cc1,0
C[C@@](Cc1ccc(O)c(O)c1)(NN)C(=O)O,0
CCCCC(O)c1ccccc1,0
O=C(N[C@H](CO)[C@H](O)c1ccc([N+](=O)[O-])cc1)C(Cl)Cl,0
CC(C)C(=O)Nc1ccc([N+](=O)[O-])c(C(F)(F)F)c1,0
CCN(CC)CCOCCOC(=O)C(CC)(CC)c1ccccc1,0
NC(N)=N/N=C/c1c(Cl)cccc1Cl,0
CCN(CC)C(C)C(=O)c1ccccc1,0
CCOc1ccc(NC(=O)CC(C)O)cc1,0
NCC(CC(=O)O)c1ccc(Cl)cc1,0
CC(NN)c1ccccc1,0
CC(=O)Nc1c(I)c(NC(C)=O)c(I)c(C(=O)O)c1I,0
CCN(CC)C(=O)Nc1ccc(OCC(O)CNC(C)(C)C)c(C(C)=O)c1,0
N[C@@H](Cc1ccc(O)c(O)c1)C(=O)O,0
Nc1ccc(S(N)(=O)=O)cc1,0
CCCCNC(=O)NS(=O)(=O)c1ccc(C)cc1,0
CCc1cccc(CC)c1NC(=O)CN(CC(=O)O)CC(=O)O,0
C#CCN(C)Cc1ccccc1,0
C=CCOc1ccc(CC(=O)O)cc1Cl,0
CCN(CC)CC(=O)Nc1c(C)cccc1C,0
O=S(=O)(O)c1cc(O)ccc1O,0
CC(C)(Oc1ccc(Cl)cc1)C(=O)O,0
CC(C)(C)NCC(O)c1cc(Cl)c(N)c(Cl)c1,0
CC(=O)Nc1ccc(O)cc1,0
CCN(CC)C(=O)/C(C#N)=C/c1cc(O)c(O)c([N+](=O)[O-])c1,0
CN(C)CCOC(=O)COc1ccc(Cl)cc1,0
CCCOC(=O)Cc1ccc(OCC(=O)N(CC)CC)c(OC)c1,0
CCN(CC)CCOC(=O)c1ccc(N)cc1,0
NC(N)=NC(=O)Cc1c(Cl)cccc1Cl,0
O=C(O)CNC(=O)C(CS)Cc1ccccc1,0
CC[N+](CC)(CC)CCOc1cccc(OCC[N+](CC)(CC)CC)c1OCC[N+](CC)(CC)CC,0
CC(=O)Oc1cc(C(C)C)c(OCCN(C)C)cc1C,0
Nc1cc(C(Cl)=C(Cl)Cl)c(S(N)(=O)=O)cc1S(N)(=O)=O,0
Nc1ccccc1S(N)(=O)=O,0
CCCOc1ccc(C(=O)OCCN(CC)CC)cc1N,0
CC[N+](C)(C)c1cccc(O)c1,0
CC(=O)N(CC(C)C(=O)O)c1c(I)cc(I)c(N)c1I,0
CC(NC(C)(C)C)C(=O)c1cccc(Cl)c1,0
Cc1cccc(C)c1OCC(C)N,0
CCC(=O)c1c(O)cc(O)cc1O,0
CCN(CC)CCNC(C(=O)OCCC(C)C)c1ccccc1,0
NC(N)=NC(N)=NCCc1ccccc1,0
COCC(=O)Nc1c(I)c(C(=O)NCC(O)CO)c(I)c(C(=O)N(C)CC(O)CO)c1I,0
CCC(NC(C)C)C(O)c1ccc(O)c(O)c1,0
COc1ccc(OC)c(C(O)CNC(=O)CN)c1,0
Clc1cc(Cl)c(OCC#CI)cc1Cl,0
CCCCCCCCNC(C)C(O)c1ccc(SC(C)C)cc1,0
O=C(NCC(O)CO)c1c(I)c(C(=O)NCC(O)CO)c(I)c(N(CCO)C(=O)CO)c1I,0
CCN(C)C(=O)Oc1cccc([C@H](C)N(C)C)c1,0
C[C@H](N)[C@H](O)c1ccc(O)c(O)c1,0
CCCCCN(CCCCC)C(=O)C(CCC(=O)[O-])NC(=O)c1ccc(Cl)c(Cl)c1,0
CCOC(=O)/C=C(C)/C=C/C=C(C)/C=C/c1c(C)cc(OC)c(C)c1C,0
CCCCNc1ccc(C(=O)OCCOCCOCCOCCOCCOCCOCCOCCOCCOC)cc1,0
CCC(=O)c1ccc(O)cc1,0
CCOc1ccccc1C(N)=O,0
CC(C)Cc1ccc(CC(=O)O)cc1,0
CC(C)(C)NCC(O)c1ccc(O)c(CO)c1,0
CC(C)N=C(N)/N=C(\N)Nc1ccc(Cl)cc1,0
CCCN(CCC)C(=O)C(CCC(=O)O)NC(=O)c1ccccc1,0
CCCNC(C)(C)C(=O)Nc1ccccc1C,0
COc1ccccc1OCC(O)COC(N)=O,0
Nc1ccc(C(=O)O)c(O)c1,0
CCN(CC)CCNC(=O)c1cc(S(C)(=O)=O)ccc1OC,0
CC(C)NCC(O)c1ccc(NS(C)(=O)=O)cc1,0
CCCNC(=O)NS(=O)(=O)c1ccc(Cl)cc1,0
CCOc1ccc(NC(C)=O)cc1,0
O=C(O)CCNC(=O)c1ccccc1,0
CNNCc1ccc(C(=O)NC(C)C)cc1,0
CCN(CC)CCNC(=O)COc1ccc(OC)cc1,0
CCCCOC(=O)c1ccc(O)cc1,0
O=C(CCCl)NCc1ccccc1,0
CCOC(=O)C(C)(C)Oc1ccc(Cl)cc1,0
CCN(CC)C(=O)c1ccc(O)c(OC)c1,0
C[CH2][Hg][S]c1ccccc1C(=O)[O-],0
NC(=O)OCC(O)COc1ccc(Cl)cc1,0
CC(C)c1cccc(C(C)C)c1O,0
C#CCN(C)CCCOc1ccc(Cl)cc1Cl,0
CCCCN(CCCC)CCCOC(=O)c1ccc(N)cc1,0
N#Cc1cc(NC(=O)C(=O)O)c(Cl)c(NC(=O)C(=O)O)c1,0
O=C(CCCCCCC(=O)Nc1ccccc1)NO,0
COc1ccccc1OCC(O)CO,0
NC(=O)NS(=O)(=O)c1ccc(N)cc1,0
CCOC(=O)[C@@](C)(N)Cc1ccc(O)c(O)c1,0
C[C@H](O)C(=O)Nc1c(I)c(C(=O)NC(CO)CO)c(I)c(C(=O)NC(CO)CO)c1I,0
Nc1ccc(O)c(C(=O)O)c1,0
COCCCC/C(=N\OCCN)c1ccc(C(F)(F)F)cc1,0
O=C(O)CNC(=O)c1ccccc1,0
CS(=O)(=O)c1ccc([C@@H](O)[C@@H](CO)NC(=O)C(Cl)Cl)cc1,0
CC(=O)Oc1c(C)cccc1C(=O)O,0
CNCC(O)c1ccc(O)c(O)c1,0
CCN[C@@H](C)Cc1cccc(C(F)(F)F)c1,0
COC(=O)CCc1ccc(OCC(O)CNC(C)C)cc1,0
CCOC(=O)c1ccc(N)cc1,0
CO[C@H]1/C=C/O[C@@]2(C)Oc3c(C)c(O)c4c(O)c(c(/C=N/N5CCN(C)CC5)c(O)c4c3C2=O)NC(=O)/C(C)=C\C=C\[C@H](C)[C@H](O)[C@@H](C)[C@@H](O)[C@@H](C)[C@H](OC(C)=O)[C@@H]1C,0
CN(C)CCCN1c2ccccc2[S@@](=O)c2ccc(Cl)cc21,0
CC(O)(CS(=O)(=O)c1ccc(F)cc1)C(=O)Nc1ccc(C#N)c(C(F)(F)F)c1,0
CN1c2cc(O)c(N=NC(N)=O)cc2CC1S(=O)(=O)[O-],0
CN1CC(O)c2cc(N=NC(N)=O)c(O)cc21,0
CC(C(=O)O)c1ccc2c(c1)Cc1cccnc1O2,0
C=C1c2cccc(O)c2C(O)=C2C(=O)[C@]3(O)C(O)=C(C(N)=O)C(=O)[C@@H](N(C)C)[C@@H]3[C@@H](O)[C@H]12,0
CN1CCCN(C(c2ccccc2)c2ccc(Cl)cc2)CC1,0
CC(Oc1ccccc1)C(=O)N[C@@H]1C(=O)N2[C@@H]1SC(C)(C)[C@@H]2C(=O)[O-],0
CNCCCC1c2ccccc2C=Cc2ccccc21,0
CC(C)c1c(CN(C)C(C)Cc2ccccc2)n(C)n(-c2ccccc2)c1=O,0
CN1C[C@@H]2c3ccccc3Oc3ccc(Cl)cc3[C@H]2C1,0
O=C1NCCN1CCN1CCC(c2cn(-c3ccc(F)cc3)c3ccc(Cl)cc23)CC1,0
CO[C@]12C[C@@H](COC(=O)c3cncc(Br)c3)CN(C)[C@@H]1Cc1cn(C)c3cccc2c13,0
O=C1OC(c2ccc(O)cc2)(c2ccc(O)cc2)c2ccccc21,0
Cc1cc(N)c2ccccc2[n+]1CCCCCCCCCC[n+]1c(C)cc(N)c2ccccc21,0
COc1cc2nc(N3CCN(C(=O)c4ccco4)CC3)nc(N)c2cc1OC,0
CCCCOc1ccc(OCCCN2CCOCC2)cc1,0
CC1(C)[C@H](C(=O)O)N2C(=O)C[C@H]2S1(=O)=O,0
C=C(C)[C@@H]1[C@H]2OC(=O)[C@@H]1[C@]1(O)C[C@H]3O[C@]34C(=O)O[C@H]2[C@]14C,0
C=C1C[C@@H]2[C@H](CC[C@]3(C)C(=O)CC[C@@H]23)[C@@]2(C)C=CC(=O)C=C12,1
CCn1nc(C(=O)O)c(=O)c2cc3c(cc21)OCO3,0
CC(=O)Oc1ccc(C(=C2CCCCC2)c2ccc(OC(C)=O)cc2)cc1,1
CCCCC(=O)N(Cc1ccc(-c2ccccc2-c2nn[nH]n2)cc1)[C@H](C(=O)O)C(C)C,0
CCn1cc(C(=O)O)c(=O)c2cnc(N3CCCC3)nc21,0
CS(=O)(=O)c1ccc(C2=C(c3ccccc3)C(=O)OC2)cc1,0
Nc1nc2ncc(CNc3ccc(C(=O)N[C@@H](CCC(=O)O)C(=O)O)cc3)nc2c(=O)[nH]1,0
C[C@H]1O[C@@H](O[C@H]2[C@@H](O)C[C@H](O[C@H]3[C@@H](O)C[C@H](O[C@H]4CC[C@@]5(C)[C@H](CC[C@@H]6[C@@H]5C[C@@H](O)[C@]5(C)[C@@H](C7=CC(=O)OC7)CC[C@]65O)C4)O[C@@H]3C)O[C@@H]2C)C[C@H](O)[C@@H]1O,0
Cc1scc2c1N(C(=O)CN1CCN(C)CC1)c1ccccc1NC2=O,0
CC(=O)O[C@H]1C(=O)[C@@]2(C)[C@H]([C@H](OC(=O)c3ccccc3)[C@]3(O)C[C@H](OC(=O)[C@H](O)[C@@H](NC(=O)c4ccccc4)c4ccccc4)C(C)=C1C3(C)C)[C@]1(OC(C)=O)CO[C@@H]1C[C@@H]2O,0
CC(C)CN(C[C@@H](O)[C@H](Cc1ccccc1)NC(=O)O[C@H]1CCOC1)S(=O)(=O)c1ccc(N)cc1,0
CC1(C)C(C=C(Cl)Cl)C1C(=O)OC(C#N)c1cccc(Oc2ccccc2)c1,0
CC(C)=CC1C(C(=O)OCc2cccc(Oc3ccccc3)c2)C1(C)C,0
CC(C(=O)O)c1ccc(CC2CCCC2=O)cc1,0
CO[C@@]1(NC(=O)C(C(=O)[O-])c2ccc(O)cc2)C(=O)N2C(C(=O)[O-])=C(CSc3nnnn3C)CO[C@@H]21,0
COC(=O)[C@H]1[C@H]2C[C@@H]3c4[nH]c5cc(OC)ccc5c4CCN3C[C@H]2C[C@@H](OC(=O)c2cc(OC)c(OC)c(OC)c2)[C@@H]1OC,0
CC(C(=O)O)c1ccc(C(=O)c2cccs2)cc1,0
CC(C(=O)O)c1ccc(C(=O)c2ccccc2)s1,0
Cc1[nH]cnc1CN1CCc2c(c3ccccc3n2C)C1=O,0
COCCCOc1ccnc(CS(=O)c2nc3ccccc3[n-]2)c1C,0
COc1ccnc(CS(=O)c2nc3cc(OC(F)F)ccc3[n-]2)c1OC,0
CC1(C)S[C@@H]2[C@H](NC(=O)[C@H](C(=O)[O-])c3ccsc3)C(=O)N2[C@H]1C(=O)[O-],0
OCCN1C[C@H](O)[C@@H](O)[C@H](O)[C@H]1CO,0
O=C(O)Cc1sc(-c2ccccc2)nc1-c1ccc(Cl)cc1,0
c1ccc(CC2=NCCN2)cc1,0
Cc1cc(C(C)(C)C)c(O)c(C)c1CC1=NCCN1,0
Cc1cc(C(C)(C)C)cc(C)c1CC1=NCCN1,0
CNC(=O)c1c(I)c(C(=O)NCC(=O)Nc2c(I)c(C(=O)O)c(I)c(C(=O)NCCO)c2I)c(I)c(N(C)C(C)=O)c1I,0
COc1cc(OC)c(C(=O)CCCN2CCCC2)c(OC)c1,0
C=CCN1CCCC1CNC(=O)c1cc2[nH]nnc2cc1OC,0
CCOc1nc2cccc(C(=O)OCc3oc(=O)oc3C)c2n1Cc1ccc(-c2ccccc2-c2noc(=O)[nH]2)cc1,0
COc1ccc(C(=O)NCc2ccc(OCCN(C)C)cc2)cc1OC,0
COc1cc(C(=O)NCc2ccc(OCCN(C)C)cc2)cc(OC)c1OC,0
CCn1cc(C(=O)[O-])c(=O)c2ccc(C)nc21,0
CC1=NN(c2ccccc2)C(=O)C1,0
CCCCOCCOCCOCc1cc2c(cc1CCC)OCO2,0
CC(C)(C)C(O)/C=C/c1ccc2c(c1)OCO2,0
O=C(O)c1cc(N=Nc2ccc(S(=O)(=O)Nc3ccccn3)cc2)ccc1O,0
CC[N+](C)(CC)CCC[n+]1c(-c2ccccc2)c2cc(N)ccc2c2ccc(N)cc21,0
c1ccc2c(c1)CCCC2C1=NCCN1,0
C=CCN1CC[C@]23c4c5ccc(O)c4O[C@H]2C(=O)CC[C@@]3(O)[C@H]1C5,0
NC[C@H]1O[C@H](O[C@H]2[C@H](O)[C@@H](O[C@H]3O[C@H](CO)[C@@H](O)[C@H](N)[C@H]3O)[C@H](N)C[C@@H]2N)[C@H](O)[C@@H](O)[C@@H]1O,0
NCC[C@H](O)C(=O)N[C@@H]1C[C@H](N)[C@@H](O[C@H]2O[C@H](CN)[C@@H](O)[C@H](O)[C@H]2O)[C@H](O)[C@H]1O[C@H]1O[C@H](CO)[C@@H](O)[C@H](N)[C@H]1O,0
NC[C@H]1O[C@H](O[C@H]2[C@H](O)[C@@H](O[C@H]3O[C@H](CO)[C@@H](O)[C@H](N)[C@H]3O)[C@H](N)C[C@@H]2N)[C@H](N)C[C@@H]1O,0
NC[C@H]1O[C@H](O[C@H]2[C@H](O)[C@@H](O[C@H]3O[C@H](CO)[C@@H](O)[C@H](N)[C@H]3O)[C@H](N)C[C@@H]2N)[C@H](N)[C@@H](O)[C@@H]1O,0
CCCSS/C(CCO)=C(/C)N(C=O)Cc1cnc(C)nc1N,0
CC(C)Nc1ncccn1,0
Oc1c(Cl)cc(Cl)cc1Sc1cc(Cl)cc(Cl)c1O,0
CN1C2CCC1CC(OC(c1ccccc1)c1ccccc1)C2,0
O=C1c2c(O)cccc2Cc2cccc(O)c21,1
Nc1ccc(S(=O)(=O)Nc2ncccn2)cc1,0
COc1cnc(NS(=O)(=O)c2ccc(N)cc2)nc1,0
Cc1ccnc(NS(=O)(=O)c2ccc(N)cc2)n1,0
Cc1cnc(C(=O)NCCc2ccc(S(=O)(=O)NC(=O)NC3CCCCC3)cc2)cn1,0
CCOC(=O)[C@H](CCc1ccccc1)N[C@H]1CCc2ccccc2N(CC(=O)O)C1=O,0
CCCCS(=O)(=O)N[C@@H](Cc1ccc(OCCCCC2CCNCC2)cc1)C(=O)O,0
CN1CCCC(n2nc(Cc3ccc(Cl)cc3)c3ccccc3c2=O)CC1,0
CCOC(=O)CC(=O)N1CCSC1COc1ccccc1OC,0
CCC1(c2ccccc2)C(=O)NCNC1=O,0
CN(CCOc1ccc(CC2SC(=O)NC2=O)cc1)c1ccccn1,0
Cc1cc2cc3c(C)cc(=O)oc3c(C)c2o1,0
CC[C@H]1OC(=O)C[C@@H](O)[C@H](C)[C@@H](O[C@@H]2O[C@H](C)[C@@H](O[C@H]3C[C@@](C)(O)[C@@H](O)[C@H](C)O3)[C@H](N(C)C)[C@H]2O)[C@@H](CC=O)C[C@@H](C)C(=O)/C=C/C(C)=C/[C@@H]1CO[C@@H]1O[C@H](C)[C@@H](O)[C@@H](OC)[C@H]1OC,0
COc1ccc2nc(S(=O)Cc3ncc(C)c(OC)c3C)[nH]c2c1,1
Cc1c(OCC(F)(F)F)ccnc1CS(=O)c1nc2ccccc2[nH]1,0
O=C1O[C@H]([C@@H](O)CO)C(O)=C1O,0
CN[C@@H]1[C@@H](O[C@H]2O[C@H](CO)[C@@H](N)[C@H](O)[C@H]2O)O[C@H]2C[C@@H](N)[C@@H](O[C@H]3[C@H](O)[C@@H](O)[C@H](N)C[C@@H]3N)O[C@@H]2[C@@H]1O,0
CC1(C)S[C@@H]2[C@H](NC(=O)Cc3ccccc3)C(=O)N2[C@H]1C(=O)[O-],0
CC1(C)S[C@@H]2[C@H](NC(=O)[C@@H](c3ccccc3)S(=O)(=O)O)C(=O)N2[C@H]1C(=O)O,0
CC(C)(C)C(=O)OCOC(=O)[C@@H]1N2C(=O)[C@@H](NC(=O)[C@H](N)c3ccccc3)[C@H]2SC1(C)C,0
CC1(C)S[C@@H]2[C@H](NC(=O)C(C(=O)[O-])c3ccccc3)C(=O)N2[C@H]1C(=O)[O-],0
CC1(C)S[C@@H]2[C@H](NC(=O)[C@H](N)c3ccccc3)C(=O)N2[C@H]1C(=O)[O-],0
CCOC(=O)OC(C)OC(=O)[C@@H]1N2C(=O)[C@@H](NC(=O)[C@H](N)c3ccccc3)[C@H]2SC1(C)C,0
CC1(C)S[C@@H]2[C@H](NC(=O)[C@H](N)c3ccc(O)cc3)C(=O)N2[C@H]1C(=O)O,0
CC1(C)S[C@@H]2[C@H](NC(=O)[C@H](N)c3ccccc3)C(=O)N2[C@H]1C(=O)O,0
CCCSc1nc(N[C@@H]2C[C@H]2c2ccc(F)c(F)c2)c2nnn([C@@H]3C[C@H](OCCO)[C@@H](O)[C@H]3O)c2n1,0
CN(C)CCCC1(c2ccc(F)cc2)OCc2cc(C#N)ccc21,0
CN(C)CCC[C@@]1(c2ccc(F)cc2)OCc2cc(C#N)ccc21,0
Nc1nc(N)c2nc(-c3ccccc3)c(N)nc2n1,0
CN(C)CCN(Cc1ccccc1)c1ccccn1,1
COc1ccc(CN(CCN(C)C)c2ccccn2)cc1,0
CN(C)CCN(Cc1ccc(Cl)cc1)c1ccccn1,0
CCOC(=O)Nc1ccc(NCc2ccc(F)cc2)nc1N,0
CN(C)CCOC(=O)C(c1ccccc1)C1(O)CCCC1,1
CCOC(=O)Nc1ccc2c(c1)N(C(=O)CCN1CCOCC1)c1ccccc1S2,0
N#Cc1nn(-c2c(Cl)cc(C(F)(F)F)cc2Cl)c(N)c1S(=O)C(F)(F)F,0
O=C1CN(/N=C/c2ccc([N+](=O)[O-])o2)C(=O)N1,0
CN(C)C(=O)C(CCN1CCC(O)(c2ccc(Cl)cc2)CC1)(c1ccccc1)c1ccccc1,0
CS(=O)(=O)CCNCc1ccc(-c2ccc3ncnc(Nc4ccc(OCc5cccc(F)c5)c(Cl)c4)c3c2)o1,0
Fc1ccc(C(OCCN2CCN(CCCc3ccccc3)CC2)c2ccc(F)cc2)cc1,0
Cc1cc(NC(=O)C2=C(O)c3ccccc3S(=O)(=O)N2C)no1,0
Cn1nnc2c(C(N)=O)ncn2c1=O,0
O=C1c2cccc3c2[C@H](CCC3)CN1[C@@H]1CN2CCC1CC2,0
CCOc1ccc2c(c1)C(C)=CC(C)(C)N2,0
CC(=O)NC[C@H]1CN(c2ccc(N3CCOCC3)c(F)c2)C(=O)O1,0
CN[C@H](CC(C)C)C(=O)N[C@H]1C(=O)N[C@@H](CC(N)=O)C(=O)N[C@H]2C(=O)N[C@H]3C(=O)N[C@H](C(=O)N[C@H](C(=O)O)c4cc(O)cc(O)c4-c4cc3ccc4O)[C@H](O)c3ccc(c(Cl)c3)Oc3cc2cc(c3O[C@@H]2O[C@H](CO)[C@@H](O)[C@H](O)[C@H]2O[C@H]2C[C@](C)(N)[C@H](O)[C@H](C)O2)Oc2ccc(cc2Cl)[C@H]1O,0
O=C(O)c1cccnc1Nc1cccc(C(F)(F)F)c1,0
Cc1c(Cl)cccc1Nc1ncccc1C(=O)O,0
Cc1c(Nc2ncccc2C(=O)O)cccc1C(F)(F)F,0
Nc1nc(N)nc(-c2cc(Cl)ccc2Cl)n1,0
CCN1CCN(C(=O)N[C@@H](C(=O)N[C@@H]2C(=O)N3[C@@H]2SC(C)(C)[C@@H]3C(=O)[O-])c2ccccc2)C(=O)C1=O,0
Cc1cccc(Nc2ccncc2S(=O)(=O)NC(=O)NC(C)C)c1,0
C[C@@H]1CCO[C@H]2Cn3cc(C(=O)NCc4ccc(F)cc4F)c(=O)c(O)c3C(=O)N12,1
CN1CCOC(c2ccccc2)c2ccccc2C1,0
COc1ccc(/C=C/C(=O)Nc2ccccc2C(=O)O)cc1OC,0
O=C1CCc2ccc(OCCCCN3CCN(c4cccc(Cl)c4Cl)CC3)cc2N1,0
CC(C)Nc1cccnc1N1CCN(C(=O)c2cc3cc(NS(C)(=O)=O)ccc3[nH]2)CC1,0
NC1CCN(c2c(F)cc3c(=O)c(C(=O)O)cn(C4CC4)c3c2Cl)C1,0
CC(C)N1CCN(c2ccc(OC[C@H]3CO[C@](Cn4cncn4)(c4ccc(Cl)cc4Cl)O3)cc2)CC1,0
Nc1nc2c(ncn2COC(CO)CO)c(=O)[nH]1,0
CC(C)[C@H](N)C(=O)OCCOCn1cnc2c(=O)[nH]c(N)nc21,0
CC(C)[C@H](N)C(=O)OCC(CO)OCn1cnc2c(=O)[nH]c(N)nc21,0
Nc1nc2c(ncn2COCCO)c(=O)[nH]1,0
Nc1nc2c(ncn2CCC(CO)CO)c(=O)[nH]1,0
Nc1nc(CC(=O)Nc2ccc(CCNC[C@H](O)c3ccccc3)cc2)cs1,0
CC(=O)c1ccc2c(c1)N(CCCN1CCC(CCO)CC1)c1ccccc1S2,0
CN(C)CC/C=C1/c2ccccc2COc2ccc(CC(=O)O)cc21,0
CN(C)CC/C=C1\c2ccccc2COc2ccccc21,0
NC(=O)c1ncn([C@@H]2O[C@H](CO)[C@@H](O)[C@H]2O)c1O,0
O=C(CCCN1CCN(c2ccccn2)CC1)c1ccc(F)cc1,0
CCN[C@@H]1C[C@H](N)[C@@H](O[C@H]2OC(CN)=CC[C@H]2N)[C@H](O)[C@H]1O[C@H]1OC[C@](C)(O)[C@H](NC)[C@H]1O,0
CN[C@@H]1[C@@H](O)[C@@H](O[C@@H]2[C@@H](O)[C@H](O[C@H]3OC(CN)=CC[C@H]3N)[C@@H](N)C[C@H]2N)OC[C@]1(C)O,0
COc1ccc(C(=O)NCc2cccnc2)cc1C(=O)NCc1cccnc1,0
C[C@@H]1CN(C2CCC(C#N)(c3ccc(F)cc3)CC2)CC[C@]1(C(=O)O)c1ccccc1,0
COC(=O)[C@@H]1[C@H]2C[C@H]3c4[nH]c5ccccc5c4CCN3C[C@@H]2CC[C@@H]1O,0
CN1CCCCC1CCN1c2ccccc2Sc2ccc(S(C)=O)cc21,0
CC[C@H](C)C(=O)O[C@H]1C[C@H](O)C=C2C=C[C@H](C)[C@H](CC[C@@H](O)C[C@@H](O)CC(=O)O)[C@H]21,0
COc1ccc2c3c1O[C@H]1C[C@@H](O)C=C[C@@]31CCN(C)C2,0
CC(COc1ccccc1)N(CCCl)Cc1ccccc1,0
CC(=O)Nc1c(I)c(C(=O)N[C@H]2C(O)O[C@H](CO)[C@@H](O)[C@@H]2O)c(I)c(N(C)C(C)=O)c1I,0
CC(C)OC(=O)C(C(=O)OC(C)C)=C1SC=CS1,0
C=C1/C(=C\C=C2/CCC[C@]3(C)[C@@H]([C@H](C)/C=C/[C@@H](O)C4CC4)CC[C@@H]23)C[C@@H](O)C[C@@H]1O,0
CC(C)(Oc1ccc(CCNC(=O)c2ccc(Cl)cc2)cc1)C(=O)O,0
CCC1(C)CC(=O)NC1=O,0
OC(c1ccccc1)(c1ccccc1)C1CCNCC1,0
Oc1ccc(C2CNCCc3c2cc(O)c(O)c3Cl)cc1,1
Clc1cccc(Cl)c1NC1=NCCN1,0
COc1cccc([C@@]2(O)CCCC[C@@H]2CN(C)C)c1,0
O=C1c2ccccc2C(=O)C1c1ccccc1,0
COc1ccc(C2C(=O)c3ccccc3C2=O)cc1,0
CCn1cc(C(=O)O)c(=O)c2cnc(N3CCNCC3)nc21,0
COc1cc(Br)c(C[N+]2(CCOCCC3CCC4CC3C4(C)C)CCOCC2)cc1OC,0
Cc1cccc(C)c1NC(=O)CN1CCCC1=O,0
Cc1cn([C@H]2C=C[C@@H](CO)O2)c(=O)[nH]c1=O,0
CC(C)(C(=O)O)c1ccc(C(O)CCCN2CCC(C(O)(c3ccccc3)c3ccccc3)CC2)cc1,0
CC(C)(C)c1ccc(C(O)CCCN2CCC(C(O)(c3ccccc3)c3ccccc3)CC2)cc1,0
CCN(CCCCOC(=O)c1ccc(OC)c(OC)c1)C(C)Cc1ccc(OC)cc1,0
NS(=O)(=O)c1cc2c(cc1Cl)NC(CC1CCCC1)NS2(=O)=O,0
COCC(=O)O[C@]1(CCN(C)CCCc2nc3ccccc3[nH]2)CCc2cc(F)ccc2[C@@H]1C(C)C,0
CC(=O)Nc1nnc(S(N)(=O)=O)s1,0
CC#C[C@]1(O)CC[C@H]2[C@@H]3CCC4=CC(=O)CCC4=C3[C@@H](c3ccc(N(C)C)cc3)C[C@@]21C,0
CC[C@H](C)[C@H]1O[C@]2(C=C[C@@H]1C)C[C@@H]1C[C@@H](C/C=C(\C)[C@@H](O[C@H]3C[C@H](OC)[C@@H](O[C@H]4C[C@H](OC)[C@@H](O)[C@H](C)O4)[C@H](C)O3)[C@@H](C)/C=C/C=C3\CO[C@@H]4[C@H](O)C(C)=C[C@@H](C(=O)O1)[C@]34O)O2,0
CO/N=C(\C(=O)N[C@@H]1C(=O)N2C(C(=O)O)=C(C[N+]3(C)CCCC3)CS[C@H]12)c1csc(N)n1,0
COc1ccccc1OCC(O)CN1CCN(CC(=O)Nc2c(C)cccc2C)CC1,1
N=C(N=C(N)N)N1CCOCC1,0
O=c1[nH]c2cc(Cl)ccc2o1,0
O=C(O)CCC(=O)c1ccc(-c2ccccc2)cc1,0
CC(C(=O)O)c1ccc(-c2ccccc2)c(F)c1,0
O=C(O)c1cc(-c2ccc(F)cc2F)ccc1O,0
CC(=O)OC(C)OC(=O)C(C)c1ccc(-c2ccccc2)c(F)c1,0
O=C(O)Cc1ccc(-c2ccccc2)cc1,0
Nc1ccc(S(=O)(=O)Nc2nccs2)cc1,0
O=C(O)CCC(=O)Nc1ccc(S(=O)(=O)Nc2nccs2)cc1,0
Cc1ccc(NC(=O)c2ccc(CN3CCN(C)CC3)cc2)cc1Nc1nccc(-c2cccnc2)n1,0
CC1=C(C(=O)O)N2C(=O)[C@@H](NC(=O)[C@H](N)C3=CCC=CC3)[C@H]2SC1,0
COc1ccccc1N1CCN(CCCCNC(=O)c2ccc3ccccc3c2)CC1,0
CN1CCN(CC(=O)N2c3ccccc3C(=O)Nc3cccnc32)CC1,0
Clc1ccc(CO/N=C(\Cn2ccnc2)c2ccc(Cl)cc2Cl)c(Cl)c1,0
COC(=O)C1=C(C)NC(C)=C(C(=O)O[C@@H]2CCCN(Cc3ccccc3)C2)[C@@H]1c1cccc([N+](=O)[O-])c1,0
Nc1nc2n[nH]nc2c(=O)[nH]1,0
O=C1Nc2ccc(Cl)cc2[C@@](C#CC2CC2)(C(F)(F)F)O1,0
COc1ccc(C2CNC(=O)C2)cc1OC1CCCC1,0
CC(=O)O[C@H]1C[C@@]2(C)[C@@H](C[C@@H](O)[C@H]3[C@@]4(C)CC[C@@H](O)[C@@H](C)[C@@H]4CC[C@@]32C)/C1=C(\CCC=C(C)C)C(=O)[O-],0
CCn1cc(C(=O)O)c(=O)c2cc(F)c(N3CCNCC3)nc21,1
CC(C)Cc1ccc(C(C)C(=O)OCc2ccccn2)cc1,0
C#CCN[C@@H]1CCc2ccccc21,0
Cc1ncc([N+](=O)[O-])n1C,0
Cc1ncc([N+](=O)[O-])n1CC(O)CCl,0
CN(C)/N=N/c1nc[nH]c1C(N)=O,0
O=C(Cn1ccnc1[N+](=O)[O-])NCCO,0
O=P(O)(O)C(O)(Cn1ccnc1)P(=O)(O)O,1
CN=C(NC#N)NCCSCc1nc[nH]c1C,0
Cn1c([N+](=O)[O-])cnc1COC(N)=O,0
NCCc1cnc[nH]1,0
CCS(=O)(=O)CCn1c([N+](=O)[O-])cnc1C,0
Cc1ncc([N+](=O)[O-])n1CCO,0
Cc1ncc([N+](=O)[O-])n1CC(C)O,0
O=C(O)CCCC[C@@H]1SC[C@@H]2NC(=O)N[C@@H]21,0
CN(C)CCn1nnnc1SCC1=C(C(=O)O)N2C(=O)[C@@H](NC(=O)Cc3csc(N)n3)[C@H]2SC1,0
O=C(O)c1cc(=O)c2ccccc2o1,0
CC/C(=C(/CC)c1ccc(O)cc1)c1ccc(O)cc1,0
CCC[C@H](N[C@@H](C)C(=O)N1[C@H](C(=O)O)C[C@@H]2CCCC[C@@H]21)C(=O)OCC,0
COc1ccc(C[C@H](C)NC[C@@H](O)c2ccc(O)c(NC=O)c2)cc1,1
C[C@]12C=CC(=O)C=C1CC[C@@H]1[C@@H]2[C@@H](O)C[C@@]2(C)[C@H]1CC[C@]2(O)C(=O)CO,0
CCOC(=O)O[C@]1(C(=O)COC(=O)CC)CC[C@H]2[C@@H]3CCC4=CC(=O)C=C[C@]4(C)[C@H]3[C@@H](O)C[C@@]21C,1
CC(=O)[C@@]1(O)CC[C@H]2[C@@H]3C[C@H](C)C4=CC(=O)C=C[C@]4(C)[C@@]3(F)[C@@H](O)C[C@@]21C,0
C[C@H]1C[C@H]2[C@@H]3CCC4=CC(=O)C=C[C@]4(C)[C@@]3(F)[C@@H](O)C[C@]2(C)[C@@]1(O)C(=O)CO,0
CCOC(=O)O[C@]1(C(=O)OCCl)CC[C@H]2[C@@H]3CCC4=CC(=O)C=C[C@]4(C)[C@H]3[C@@H](O)C[C@@]21C,0
CC(=O)OCC(=O)[C@@]1(O)CC[C@H]2[C@@H]3CCC4=CC(=O)C=C[C@]4(C)[C@@]3(F)[C@@H](O)C[C@@]21C,0
CCC(=O)[C@@]1(C)[C@H](C)C[C@H]2[C@@H]3CCC4=CC(=O)C=C[C@]4(C)[C@H]3[C@@H](O)C[C@@]21C,0
CCC(=O)O[C@]1(C(=O)SCF)[C@H](C)C[C@H]2[C@@H]3C[C@H](F)C4=CC(=O)C=C[C@]4(C)[C@@]3(F)[C@@H](O)C[C@@]21C,0
CC(=O)OCC(=O)[C@@]1(OC(C)=O)[C@@H](C)C[C@H]2[C@@H]3C[C@H](F)C4=CC(=O)C=C[C@]4(C)[C@@]3(F)[C@@H](O)C[C@@]21C,0
C[C@@H]1C[C@H]2[C@@H]3C[C@H](F)C4=CC(=O)C=C[C@]4(C)[C@@]3(F)[C@@H](O)C[C@]2(C)[C@@]1(O)C(=O)CO,0
C[C@]12C=CC(=O)C=C1CC[C@@H]1[C@@H]2CC[C@@]2(C)[C@H]1CC[C@]2(C)O,1
C[C@@H]1C[C@H]2[C@@H]3C[C@H](F)C4=CC(=O)C=C[C@]4(C)[C@@]3(F)[C@@H](O)C[C@]2(C)[C@@]1(O)C(=O)COC(=O)C(C)(C)C,0
C[C@]12C=CC(=O)C=C1CC[C@H]1[C@@H]3C[C@@H](O)[C@](O)(C(=O)CO)[C@@]3(C)C[C@H](O)[C@@]12F,0
CC(=O)OCC(=O)[C@@]1(O)[C@H](C)C[C@H]2[C@@H]3CCC4=CC(=O)C=C[C@]4(C)[C@@]3(F)[C@@H](O)C[C@@]21C,0
CCC(=O)OCC(=O)[C@@]1(OC(=O)CC)[C@@H](C)C[C@H]2[C@@H]3CCC4=CC(=O)C=C[C@]4(C)[C@@]3(Cl)[C@@H](O)C[C@@]21C,0
CC(=O)OCC(=O)[C@@]1(O)CC[C@H]2[C@@H]3CCC4=CC(=O)C=C[C@]4(C)[C@@]3(Cl)[C@@H](Cl)C[C@@]21C,0
C[C@@H]1C[C@H]2[C@@H]3C[C@H](F)C4=CC(=O)C=C[C@]4(C)[C@@]3(Cl)[C@@H](O)C[C@]2(C)[C@H]1C(=O)COC(=O)C(C)(C)C,0
CCC(=O)OCC(=O)[C@@]1(OC(=O)CC)[C@H](C)C[C@H]2[C@H]3[C@H]([C@@H](O)C[C@@]21C)[C@@]1(C)C=CC(=O)C=C1C[C@H]3Cl,0
CCC(=O)O[C@]1(C(=O)CCl)[C@@H](C)C[C@H]2[C@@H]3CCC4=CC(=O)C=C[C@]4(C)[C@@]3(F)[C@@H](O)C[C@@]21C,0
CO[C@@]1(NC(=O)Cc2cccs2)C(=O)N2C(C(=O)[O-])=C(COC(N)=O)CS[C@@H]21,0
CC(=O)OCC1=C(C(=O)[O-])N2C(=O)[C@@H](NC(=O)Cc3cccs3)[C@H]2SC1,0
Cc1c(C(=O)NN2CCCCC2)nn(-c2ccc(Cl)cc2Cl)c1-c1ccc(Cl)cc1,0
N[C@@H]1CONC1=O,1
O=C(CCCCC(=O)Nc1c(I)cc(I)c(C(=O)O)c1I)Nc1c(I)cc(I)c(C(=O)O)c1I,0
Cn1c(=O)c2[nH]cnc2n(C)c1=O,0
NC(=O)c1cc[n+](CC2=C(C(=O)[O-])N3C(=O)[C@@H](NC(=O)[C@@H](c4ccccc4)S(=O)(=O)[O-])[C@H]3SC2)cc1,0
O=C(C1CCCCC1)N1CC(=O)N2CCc3ccccc3C2C1,0
COc1cc2c(cc1OC)C(=O)C(CC1CCN(Cc3ccccc3)CC1)C2,1
CC(C)(C)NC(=O)[C@@H]1CN(Cc2cccnc2)CCN1C[C@@H](O)C[C@@H](Cc1ccccc1)C(=O)N[C@H]1c2ccccc2C[C@H]1O,0
CC(C)N=c1cc2n(-c3ccc(Cl)cc3)c3ccccc3nc-2cc1Nc1ccc(Cl)cc1,0
COc1ccc2c(c1)c(CC(=O)OCC(=O)O)c(C)n2C(=O)c1ccc(Cl)cc1,0
COc1ccc2c(c1)c(CC(=O)OC/C=C(\C)CC/C=C(\C)CCC=C(C)C)c(C)n2C(=O)c1ccc(Cl)cc1,0
COc1ccc2c(c1)c(CC(=O)O)c(C)n2C(=O)c1ccc(Cl)cc1,0
CC(C(=O)O)c1ccc(N2Cc3ccccc3C2=O)cc1,0
OCCOCCN1CCN(C2=Nc3ccccc3Sc3ccccc32)CC1,0
C[N+]1(C)CCC(=C(c2ccccc2)c2ccccc2)CC1,0
CCCc1c2oc(C(=O)[O-])cc(=O)c2cc2c(=O)cc(C(=O)[O-])n(CC)c12,0
CC(C(=O)O)c1ccc(N2CC=CC2)c(Cl)c1,0
CCNC1(c2cccs2)CCCCC1=O,0
CCOC(=O)[C@H](CCc1ccccc1)N[C@H]1CS[C@H](c2cccs2)CN(CC(=O)O)C1=O,0
CC(=O)OC1CN2CCC1CC2,0
CC(C)COCC(CN(Cc1ccccc1)c1ccccc1)N1CCCC1,0
Nc1ccc(N=Nc2ccccc2)c(N)n1,0
CCOc1nc2cccc(C(=O)O)c2n1Cc1ccc(-c2ccccc2-c2nn[nH]n2)cc1,1
CCC(C)(C)C(=O)O[C@H]1C[C@@H](C)C=C2C=C[C@H](C)[C@H](CC[C@@H]3C[C@@H](O)CC(=O)O3)[C@H]21,0
CC[C@H](C)C(=O)O[C@H]1CCC=C2C=C[C@H](C)[C@H](CC[C@@H]3C[C@@H](O)CC(=O)O3)[C@H]21,0
CC[C@H](C)C(=O)O[C@H]1C[C@@H](C)C=C2C=C[C@H](C)[C@H](CC[C@@H]3C[C@@H](O)CC(=O)O3)[C@H]21,0
Cc1nnc(SCC2=C(C(=O)[O-])N3C(=O)[C@@H](NC(=O)Cn4cnnn4)[C@H]3SC2)s1,0
O=C(Cn1cnnn1)N[C@@H]1C(=O)N2C(C(=O)O)=C(CSc3nncs3)CS[C@H]12,0
NS(=O)(=O)c1cc2c(cc1Cl)NC(Cc1ccccc1)NS2(=O)=O,0
NS(=O)(=O)c1cc2c(cc1C(F)(F)F)NC(Cc1ccccc1)NS2(=O)=O,0
CN(C)CCN1C(=O)c2ccccc2N(C)c2ccccc21,0
COc1ccccc1N1CCN(CC(O)COc2cccc3ccccc23)CC1,0
N#Cc1ccc(C(c2ccc(C#N)cc2)n2cncn2)cc1,0
CCCCC1=NC2(CCCC2)C(=O)N1Cc1ccc(-c2ccccc2-c2nn[nH]n2)cc1,0
CN(C)c1nc(N(C)C)nc(N(C)C)n1,0
O=c1[nH]c2ccccc2n1C1CCN(CCCC(c2ccc(F)cc2)c2ccc(F)cc2)CC1,0
O=C(O)Cc1csc(-c2ccc(Cl)cc2)n1,0
CCOCCn1c(N2CCCN(C)CC2)nc2ccccc21,0
COc1cc(/C=C/C(=O)N2CCN(CC(=O)N3CCCC3)CC2)cc(OC)c1OC,0
CC[N+](CC)(CC(=O)Nc1c(C)cccc1C)Cc1ccccc1,0
CC12CC3CC(C)(C1)CC(N)(C3)C2,0
CC(N)C12CC3CC(CC(C3)C1)C2,0
C/C=C(C(=C/C)/c1ccc(O)cc1)\c1ccc(O)cc1,0
NS(=O)(=O)c1cc(C(=O)NN2C[C@@H]3[C@H]4CC[C@H](C4)[C@@H]3C2)ccc1Cl,0
N=C(N)c1ccc(OCCCCCOc2ccc(C(=N)N)cc2)cc1,0
CCCNC(C)C(=O)Nc1c(C)csc1C(=O)OC,0
CC(C)(Sc1cc(C(C)(C)C)c(O)c(C(C)(C)C)c1)Sc1cc(C(C)(C)C)c(O)c(C(C)(C)C)c1,0
CCN(C(C)=O)c1cccc(-c2ccnc3c(C#N)cnn23)c1,0
Nc1ccc(S(=O)(=O)NC(=O)c2ccccc2)cc1,0
CCOC(=O)n1ccn(C)c1=S,0
Cn1cc[nH]c1=S,0
Cc1onc(-c2c(Cl)cccc2Cl)c1C(=O)N[C@@H]1C(=O)N2[C@@H]1SC(C)(C)[C@@H]2C(=O)[O-],0
Cc1onc(-c2c(F)cccc2Cl)c1C(=O)N[C@@H]1C(=O)N2[C@@H]1SC(C)(C)[C@@H]2C(=O)[O-],0
Cc1onc(-c2ccccc2)c1C(=O)N[C@@H]1C(=O)N2[C@@H]1SC(C)(C)[C@@H]2C(=O)[O-],0
Cc1onc(-c2ccccc2Cl)c1C(=O)N[C@@H]1C(=O)N2[C@@H]1SC(C)(C)[C@@H]2C(=O)[O-],0
CCN(CC)Cc1cc(Nc2ccnc3cc(Cl)ccc23)ccc1O,0
O=C(OCC(O)CO)c1ccccc1Nc1ccnc2cc(Cl)ccc12,0
CC(=O)N[C@H]1[C@H]([C@H](O)[C@H](O)CO)OC(C(=O)O)=C[C@@H]1N=C(N)N,0
CCCCC[C@H](O)/C=C/[C@H]1[C@H](O)CC(=O)[C@@H]1CCCCCCC(=O)O,1
CCCCC(C)(O)C/C=C/[C@H]1[C@H](O)CC(=O)[C@@H]1CCCCCCC(=O)OC,1
O=c1[nH]c(=O)n([C@H]2C[C@H](O)[C@@H](CO)O2)cc1C(F)(F)F,0
O=c1[nH]c(=O)n([C@H]2C[C@H](O)[C@@H](CO)O2)cc1F,0
O=c1[nH]c(=O)n([C@H]2C[C@H](O)[C@@H](CO)O2)cc1I,0
O=c1[nH]c(=O)n(C2CCCO2)cc1F,0
O=c1[nH]c(=O)n([C@H]2C[C@H](O)[C@@H](CO)O2)cc1/C=C/Br,0
Cc1cn([C@H]2C[C@H](N=[N+]=[N-])[C@@H](CO)O2)c(=O)[nH]c1=O,0
O=C1N=C([O-])CN1/N=C/c1ccc(-c2ccc([N+](=O)[O-])cc2)o1,0
C[N+]12CCC(CC1)C(OC(=O)C(O)(c1ccccc1)c1ccccc1)C2,0
CN(C(=O)C(Cl)Cl)c1ccc(OC(=O)c2ccco2)cc1,0
CCN[C@H]1CN(CCCOC)S(=O)(=O)c2sc(S(N)(=O)=O)cc21,0
COc1ccc2cc1Oc1ccc(cc1)C[C@H]1c3c(cc4c(c3Oc3cc5c(cc3OC)CCN(C)[C@@H]5C2)OCO4)CCN1C,0
O=c1[nH]c2ccccc2n1CCCN1CCC(n2c(=O)[nH]c3cc(Cl)ccc32)CC1,0
Cc1ccc(C(=O)c2ccc(CC(=O)O)n2C)cc1,0
Cc1cc(CC(=O)[O-])n(C)c1C(=O)c1ccc(Cl)cc1,0
COc1c2occc2c(OC)c2c(=O)cc(C)oc12,0
CN1C[C@H](C(=O)N[C@]2(C)O[C@@]3(O)[C@@H]4CCCN4C(=O)[C@H](Cc4ccccc4)N3C2=O)C[C@@H]2c3cccc4[nH]cc(c34)C[C@H]21,0
O=C1OCCN1/N=C/c1ccc([N+](=O)[O-])o1,0
C/C(=C\C(=O)OCCCCCCCCC(=O)O)C[C@@H]1OC[C@H](C[C@@H]2O[C@H]2[C@@H](C)[C@H](C)O)[C@@H](O)[C@H]1O,0
CCc1c(C)[nH]c2c1C(=O)C(CN1CCOCC1)CC2,0
COc1ccc(C(=O)N2CCCC2=O)cc1,0
CCCN(CCC)CCc1cccc2c1CC(=O)N2,0
NCCC[C@H](N)CC(=O)N[C@H]1CNC(=O)[C@H]([C@H]2C[C@H](O)NC(N)=N2)NC(=O)/C(=C/NC(N)=O)NC(=O)[C@H](CO)NC(=O)[C@H](CO)NC1=O,0
CCC(C)(C)c1ccc(CC(C)CN2C[C@@H](C)O[C@@H](C)C2)cc1,0
CC(=O)OCC(CCn1cnc2cnc(N)nc21)COC(C)=O,0
Cc1ccc(=O)n(-c2ccccc2)c1,0
O=C1c2ccccc2S(=O)(=O)N1CCCCN1CCN(c2ncccn2)CC1,0
CC1(C)O[C@@H]2C[C@H]3[C@@H]4C[C@H](F)C5=CC(=O)C=C[C@]5(C)[C@H]4[C@@H](O)C[C@]3(C)[C@]2(C(=O)CO)O1,0
CC1(C)O[C@@H]2C[C@H]3[C@@H]4CCC5=CC(=O)C=C[C@]5(C)[C@H]4[C@@H](O)C[C@]3(C)[C@]2(C(=O)CO)O1,1
CC1(C)O[C@@H]2C[C@H]3[C@@H]4C[C@H](F)C5=CC(=O)C=C[C@]5(C)[C@@]4(F)[C@@H](O)C[C@]3(C)[C@]2(C(=O)CO)O1,0
CCCC1O[C@@H]2C[C@H]3[C@@H]4CCC5=CC(=O)C=C[C@]5(C)[C@H]4[C@@H](O)C[C@]3(C)[C@]2(C(=O)CO)O1,0
CC(=O)OCC(=O)[C@@]12OC(C)(C)O[C@@H]1C[C@H]1[C@@H]3C[C@H](F)C4=CC(=O)C=C[C@]4(C)[C@@]3(F)[C@@H](O)C[C@@]12C,0
CNCC[C@@H](Oc1cccc2ccccc12)c1cccs1,0
O=C(NCNC(=O)NC1C(=O)NC(=O)N1CO)NC1C(=O)NC(=O)N1CO,0
Cc1cnc(NC(=O)C2=C(O)c3ccccc3S(=O)(=O)N2C)s1,0
CC1CC(OC(=O)C(O)c2ccccc2)CC(C)(C)C1,0
CN1CCc2cccc3c2[C@H]1Cc1ccc(O)c(O)c1-3,0
CN1C(=O)CC(c2ccccc2)C1=O,0
CNc1ncnc2c1ncn2[C@@H]1O[C@H](CO)[C@@H](O)[C@H]1O,0
Nc1ncnc2c1ncn2[C@@H]1O[C@H](COP(=O)(O)O)[C@@H](O)[C@H]1O,0
Nc1ncnc2c1ncn2[C@@H]1O[C@H](CO)[C@@H](O)[C@@H]1O,0
Nc1nc(Cl)nc2c1ncn2[C@H]1C[C@H](O)[C@@H](CO)O1,0
Nc1nc(F)nc2c1ncn2[C@@H]1O[C@H](CO)[C@@H](O)[C@@H]1O,0
COc1nc(N)nc2c1ncn2[C@@H]1O[C@H](CO)[C@@H](O)[C@@H]1O,0
N=C(N)N1CCc2ccccc2C1,0
O=C1c2c(O)ccc(O)c2C(=O)c2c(NCCNCCO)ccc(NCCNCCO)c21,0
CC(=O)Oc1cccc2c1C(=O)c1c(OC(C)=O)cc(C(=O)O)cc1C2=O,0
NC(N)=Nc1nc(CSCCN=CNS(=O)(=O)c2ccc(Br)cc2)cs1,0
OC(CCN1CCCCC1)(c1ccccc1)C1CC2C=CC1C2,0
CN(C)CCc1c[nH]c2ccc(Cn3cncn3)cc12,0
CN1CCN(c2c(F)cc3c(=O)c(C(=O)O)cn4c3c2SCC4)CC1,0
C=C(NC(=O)C(=C)NC(=O)c1csc(C2=NC3c4csc(n4)C4NC(=O)c5csc(n5)C(C(C)(O)C(C)O)NC(=O)C5CSC(=N5)/C(=C\C)NC(=O)C(C(C)O)NC(=O)c5csc(n5)C3(CC2)NC(=O)C(C)NC(=O)C(=C)NC(=O)C(C)NC(=O)C(C(C)CC)NC2C=Cc3c(C(C)O)cc(nc3C2O)C(=O)OC4C)n1)C(N)=O,0
CCC1(C2=NCCN2)Cc2ccccc2O1,0
CC(=O)N[C@@H](CC(=O)O)C(=O)N[C@@H](CCC(=O)O)C(=O)O,0
O=P([O-])(O)C(Cl)(Cl)P(=O)([O-])O,0
CCCCC(CC)CN=C(N)NC(N)=NCCCCCCN=C(N)NC(N)=NCC(CC)CCCC,0
CN(C)CCCSC(=N)N,1
CC(=O)N[C@@H](CCC(N)=O)C(=O)O,0
C=CC(N)CCC(=O)O,0
N[C@@H](CCC(=O)N[C@@H](CSSC[C@H](NC(=O)CC[C@H](N)C(=O)O)C(=O)NCC(=O)O)C(=O)NCC(=O)O)C(=O)O,1
CNC[C@H](O)[C@@H](O)[C@H](O)[C@H](O)CO,0
N[C@@H](CSCCCO)C(=O)O,0
O=S(=O)([O-])CCS,0
CC(=O)OC(C)C[N+](C)(C)C,0
NCCCC(O)(P(=O)([O-])O)P(=O)(O)O,0
NCCCNCCSP(=O)(O)O,0
C[N+](C)(C)CCCCCCCCCC[N+](C)(C)C,0
CC(=O)N[C@@H](CS)C(=O)O,0
CC(C)(CO)[C@@H](O)C(=O)NCCCC(=O)[O-],0
CCCCCN(C)CCC(O)(P(=O)([O-])O)P(=O)(O)O,0
CN(C)C(=N)N=C(N)N,0
CC(C)C[C@H](CN)CC(=O)O,0
CC(=O)N(O)CCCCCNC(=O)CCC(=O)N(O)CCCCCNC(=O)CCC(=O)N(O)CCCCCN,0
CC(C[N+](C)(C)C)OC(N)=O,0
CCCC(C)(COC(N)=O)COC(=O)NC(C)C,0
CC(C)(CO)[C@@H](O)C(=O)NCCC(=O)NCCSSCCNC(=O)CCNC(=O)[C@H](O)C(C)(C)CO,0
CC(=O)N[C@@H](CC(C)C)C(=O)O,0
CS(=O)(=O)OCCCCOS(C)(=O)=O,0
CCCC(CCC)C(=O)O,0
N[C@@H](CCC(=O)N[C@@H](CS)C(=O)NCC(=O)O)C(=O)O,0
NCCNCCNCCNCCN,0
C[N+](C)(C)CCOC(N)=O,0
CC(C)CC(=O)N[C@H](C(=O)N[C@H](C(=O)N[C@@H](CC(C)C)[C@@H](O)CC(=O)N[C@@H](C)C(=O)N[C@@H](CC(C)C)[C@@H](O)CC(=O)O)C(C)C)C(C)C,0
O=C(O)CN(CCN(CC(=O)O)CC(=O)O)CCN(CC(=O)O)CC(=O)O,0
CCN(CC)C(=S)SSC(=S)N(CC)CC,0
CNC(C)CCC=C(C)C,0
NCCCCCC(=O)O,0
CCCCN=C(N)N=C(N)N,0
C[N+](C)(C)C[C@H](O)CC(=O)[O-],0
CC(N)CCCC(C)(C)O,0
C[N+](C)(C)CCCCCC[N+](C)(C)C,0
CC(=O)NCCCS(=O)(=O)[O-],0
CC[C@@H](CO)NCCN[C@@H](CC)CO,0
Cc1nc2ccc(CN(C)c3ccc(C(=O)N[C@@H](CCC(=O)O)C(=O)O)s3)cc2c(=O)[nH]1,0
CN(c1nccc(=O)[nH]1)C1CCN(c2nc3ccccc3n2Cc2ccc(F)cc2)CC1,0
Cn1c(=O)c2c(ncn2CC(O)CO)n(C)c1=O,0
Cn1c(=O)c2c(ncn2CCO)n(C)c1=O,0
Cn1c(=O)c2c(ncn2CC(=O)O)n(C)c1=O,0
CC(=O)CCCCn1c(=O)c2c(ncn2C)n(C)c1=O,0
Cn1cnc2c1c(=O)[nH]c(=O)n2C,0
Cn1c(=O)c2c(ncn2C)n(C)c1=O,0
CC(C)Oc1ccc2c(=O)c(-c3ccccc3)coc2c1,0
CC1(C)O[C@@H]2[C@@H](CO[C@@]3(COS(N)(=O)=O)OC(C)(C)O[C@@H]23)O1,0
Cc1ccc2c([nH]c(=O)c3c(=O)cc(C(=O)OCCC(C)C)oc32)c1C,0
CC(=O)[C@@]12O[C@](C)(c3ccccc3)O[C@@H]1C[C@H]1[C@@H]3CCC4=CC(=O)CC[C@]4(C)[C@H]3CC[C@@]12C,0
Cc1noc(NS(=O)(=O)c2ccc(N)cc2)c1C,0
CC(C)CN(C[C@@H](O)[C@H](Cc1ccccc1)NC(=O)O[C@H]1CO[C@H]2OCC[C@H]21)S(=O)(=O)c1ccc(N)cc1,1
N=c1nc(N2CCCCC2)cc(N)n1O,0
O=C1C(CCS(=O)c2ccccc2)C(=O)N(c2ccccc2)N1c1ccccc1,0
C=CC[C@@H]1/C=C(\C)C[C@H](C)C[C@H](OC)[C@H]2O[C@@](O)(C(=O)C(=O)N3CCCC[C@H]3C(=O)O[C@H](/C(C)=C/[C@@H]3CC[C@@H](O)[C@H](OC)C3)[C@H](C)[C@@H](O)CC1=O)[C@H](C)C[C@@H]2OC,0
O=C(CCCN1CCC(n2c(=O)[nH]c3ccccc32)CC1)c1ccc(F)cc1,0
C=CCOC(Cn1ccnc1)c1ccc(Cl)cc1Cl,0
CC(C(O)c1ccc(O)cc1)N1CCC(Cc2ccccc2)CC1,1
CO[C@@]12[C@H](COC(N)=O)C3=C(C(=O)C(C)=C(N)C3=O)N1C[C@@H]1N[C@@H]12,0
OC(CCN1CCCC1)(c1ccccc1)C1CCCCC1,0
OCC(CO)N[C@H]1C[C@](O)(CO)[C@@H](O)[C@H](O)[C@H]1O,0
NCC1(CC(=O)O)CCCCC1,0
NCC1CCC(C(=O)O)CC1,0
COc1cc(Cc2cnc(N)nc2N)cc(OC)c1OC,0
C[N+]1(C)[C@@H]2CC[C@H]1CC(OC(=O)C(CO)c1ccccc1)C2,0
COc1c(-c2ccc3cc(NS(C)(=O)=O)ccc3c2)cc(-n2ccc(=O)[nH]c2=O)cc1C(C)(C)C,0
S=c1nc[nH]c2nc[nH]c12,0
Nc1nc(=S)c2[nH]cnc2[nH]1,0
COc1cc2nc(N3CCN(C(=O)C4COc5ccccc5O4)CC3)nc(N)c2cc1OC,0
O=C(O)c1cc2ccccc2c(Cc2c(O)c(C(=O)O)cc3ccccc23)c1O,0
C[C@@H](O)[C@H]1C(=O)N2C(C(=O)O)=C(S[C@@H]3CN[C@H](CNS(N)(=O)=O)C3)[C@H](C)[C@H]12,0
C[C@@H](O)[C@H]1C(=O)N2C(C(=O)O)=C(S[C@@H]3CN[C@H](C(=O)N(C)C)C3)[C@H](C)[C@H]12,0
CC(=O)O[C@H]1C[C@H](O[C@H]2[C@@H](O)C[C@H](O[C@H]3[C@@H](O)C[C@H](O[C@H]4CC[C@@]5(C)[C@H](CC[C@@H]6[C@@H]5C[C@@H](O)[C@]5(C)[C@@H](C7=CC(=O)OC7)CC[C@]65O)C4)O[C@@H]3C)O[C@@H]2C)O[C@H](C)[C@H]1O[C@@H]1O[C@H](CO)[C@@H](O)[C@H](O)[C@H]1O,0
Cc1cc(/C=C/c2ccc3cc(N(C)C)ccc3[n+]2C)c(C)n1-c1ccccc1,0
CC1=C(C)C(=O)C(C(CCCCCC(=O)O)c2ccccc2)=C(C)C1=O,0
CCC1NC(=O)c2cc(S(N)(=O)=O)c(Cl)cc2N1,0
Nc1nc(NC2CC2)c2ncn([C@H]3C=C[C@@H](CO)C3)c2n1,0
CCCC(CCC)C(=O)OC1C[C@H]2CC[C@@H](C1)[N+]2(C)C,0
N#Cc1ccc(Oc2ccc3c(c2)COB3O)cc1,0
Cc1c(O)c(=O)ccn1C,0
Cc1[nH]c(C)c(Cl)c(=O)c1Cl,0
Clc1ccc(Cn2c(CN3CCCC3)nc3ccccc32)cc1,1
CC(C)c1c(C(=O)Nc2ccccc2)c(-c2ccccc2)c(-c2ccc(F)cc2)n1CC[C@@H](O)C[C@@H](O)CC(=O)O,0
CSc1ccc2c(c1)N(CCC1CCCCN1C)c1ccccc1S2,0
COC(=O)C1=C(C)NC(C)=C(C(=O)O[C@H]2CCN(Cc3ccccc3)C2)[C@H]1c1cccc([N+](=O)[O-])c1,0
CC1(C(=O)[O-])CC[C@]2(C)CC[C@]3(C)C(=CC(=O)[C@@H]4[C@@]5(C)CC[C@H](OC(=O)CCC(=O)[O-])C(C)(C)C5CC[C@]43C)[C@@H]2C1,0
CC(C)(C)NC(=O)[C@@H]1C[C@@H]2CCCC[C@@H]2CN1C[C@@H](O)[C@H](Cc1ccccc1)NC(=O)[C@H](CC(N)=O)NC(=O)c1ccc2ccccc2n1,0
N=C(N)c1ccc2cc(OC(=O)c3ccc(N=C(N)N)cc3)ccc2c1,0
CN(C)CCN(Cc1cccs1)c1ccccn1,0
Cc1c(NC(C)C)c(=O)n(-c2ccccc2)n1C,0
Cc1cc(=O)n(-c2ccccc2)n1C,0
Cc1c(N(C)C)c(=O)n(-c2ccccc2)n1C,0
Cc1c(N(C)CS(=O)(=O)[O-])c(=O)n(-c2ccccc2)n1C,0
Cc1c(N)c(=O)n(-c2ccccc2)n1C,0
Nc1ccc(S(=O)(=O)[N-]c2cnc3ccccc3n2)cc1,0
C=CC[N@@+]12CC[C@@]34c5ccccc5N5/C=C6/[C@H]7C[C@H]8[C@@]9(CC[N@@+]8(CC=C)C/C7=C/CO)c7ccccc7N(/C=C(/[C@@H](C[C@@H]31)/C(=C\CO)C2)[C@H]54)[C@@H]69,0
C[C@]12CC[C@H](O)C[C@@H]1CC[C@@H]1[C@@H]2CC[C@]2(C)C(=O)CC[C@@H]12,1
COC1=C(OC)C(=O)C(CCCCCCCCCCO)=C(C)C1=O,0
CCOc1cc(CC(=O)N[C@@H](CC(C)C)c2ccccc2N2CCCCC2)ccc1C(=O)O,0
O=C1[C@H]2CCCC[C@H]2C(=O)N1CCCCN1CCN(c2nsc3ccccc23)CC1,0
O=P1(N(CCCl)CCCl)NCCCO1,0
CC(C(=O)[O-])c1cccc(Oc2ccccc2)c1,0
CO[C@@]1(NC(=O)C2SC(=C(C(N)=O)C(=O)O)S2)C(=O)N2C(C(=O)O)=C(CSc3nnnn3C)CS[C@@H]21,0
C/C1=C2/N=C(/C=C3\N=C(/C(C)=C4\[N-][C@@](C)([C@@H]5N=C1[C@](C)(CCC(=O)NC[C@@H](C)OP(=O)([O-])O[C@H]1[C@@H](O)[C@@H](n6cnc7cc(C)c(C)cc76)O[C@@H]1CO)[C@H]5CC(N)=O)[C@@](C)(CC(N)=O)[C@@H]4CCC(N)=O)[C@@](C)(CC(N)=O)[C@@H]3CCC(N)=O)C(C)(C)[C@@H]2CCC(N)=O,0
CC[C@H](C)[C@H](NC(=O)[C@H](Cc1ccc(O)cc1)NC(=O)[C@@H](NC(=O)[C@H](CCCN=C(N)N)NC(=O)[C@@H](N)CC(=O)O)C(C)C)C(=O)N[C@@H](Cc1cnc[nH]1)C(=O)N1CCC[C@H]1C(=O)N[C@@H](Cc1ccccc1)C(=O)O,0
CC1(C)S[C@@H]2[C@H](NC(=O)C3(N)CCCCC3)C(=O)N2[C@H]1C(=O)O,0
CCCCC(CC)CN1CN(CC(CC)CCCC)CC(C)(N)C1,0
c1ccc2c(c1)OCC(C1=NCCN1)O2,1
CCN(CC)C(=O)N1CCN(C)CC1,0
COc1ccc2c(c1)[C@]13CCCC[C@@H]1[C@H](C2)N(C)CC3,0
Cc1ccc(C(=O)C(C)CN2CCCCC2)cc1,1
CCCCOc1ccc(C(=O)CCN2CCCCC2)cc1,1
CCc1ccc(C(=O)C(C)CN2CCCCC2)cc1,1
Cc1ccsc1C(=CCCN1CCC[C@@H](C(=O)O)C1)c1sccc1C,0
CN1CCCC(CC2c3ccccc3Sc3ccccc32)C1,0
O=C(CCCN1CCC(O)(c2ccc(Cl)cc2)CC1)c1ccc(F)cc1,0
O=C(CCCN1CCC(O)(c2ccc(Br)cc2)CC1)c1ccc(F)cc1,0
Cc1ccc(/C(=C\CN2CCCC2)c2ccccn2)cc1,0
CC(=O)O[C@H]1C[C@@H]2CC[C@@H]3[C@H](CC[C@@]4(C)[C@H]3C[C@H]([N+]3(C)CCCCC3)[C@@H]4OC(C)=O)[C@@]2(C)C[C@@H]1N1CCCCC1,0
CC1CS(=O)(=O)CCN1/N=C/c1ccc([N+](=O)[O-])o1,0
c1ccc(CN(CC2=NCCN2)c2ccccc2)cc1,0
O=C(CCNNC(=O)c1ccncc1)NCc1ccccc1,0
CCC(C)n1ncn(-c2ccc(N3CCN(c4ccc(OCC5COC(Cn6cncn6)(c6ccc(Cl)cc6Cl)O5)cc4)CC3)cc2)c1=O,0
O=C1CC[C@@H](C(=O)N2CSC[C@H]2C(=O)O)N1,0
CCC1(c2cccc(O)c2)CCCCN(C)C1,1
Cc1nc2n(c(=O)c1CCN1CCC(c3noc4cc(F)ccc34)CC1)CCCC2O,0
Cc1nc2n(c(=O)c1CCN1CCC(c3noc4cc(F)ccc34)CC1)CCCC2,0
CC[N+]1(CC)CCC(=C(c2ccccc2)c2ccccc2)C1C,0
O=c1[nH]cnc2[nH]ncc12,0
C[C@@H](NCCCc1cccc(C(F)(F)F)c1)c1cccc2ccccc12,0
CC1CCc2cc(F)cc3c(=O)c(C(=O)O)cn1c23,0
CSc1nc2cc(Oc3cccc(Cl)c3Cl)c(Cl)cc2[nH]1,0
Cc1cccc(C)c1OCC(=O)N[C@@H](Cc1ccccc1)[C@@H](O)C[C@H](Cc1ccccc1)NC(=O)[C@H](C(C)C)N1CCCNC1=O,0
CC(C(=O)O)c1ccc2c(c1)[nH]c1ccc(Cl)cc12,0
CC(C)NCC(O)COc1cccc2[nH]c3ccccc3c12,0
CC[C@H]1OC(=O)[C@H](C)[C@@H](O[C@H]2C[C@@](C)(OC)[C@@H](O)[C@H](C)O2)[C@H](C)[C@@H](O[C@@H]2O[C@H](C)C[C@H](N(C)C)[C@H]2O)[C@](C)(O)C[C@@H](C)/C(=N\OCOCCOC)[C@H](C)[C@@H](O)[C@]1(C)O,0
O=C1C(=O)c2ccccc2C(O)=C1C1CCC(c2ccc(Cl)cc2)CC1,0
C=C1C[C@H]2[C@@H]3C=C(C)C4=CC(=O)CC[C@]4(C)[C@H]3CC[C@]2(C)[C@@]1(OC(C)=O)C(C)=O,0
CC(C)NCC(O)COc1cccc2[nH]ccc12,0
CNS(=O)(=O)Cc1ccc2[nH]cc(CCN(C)C)c2c1,0
NCCc1c[nH]c2ccc(O)cc12,0
COc1ccc2[nH]cc(CCNC(C)=O)c2c1,0
CCCCCN=C(N)N/N=C/c1c[nH]c2ccc(OC)cc12,0
N[C@@H](Cc1c[nH]c2ccccc12)C(=O)O,0
COc1cc(S(C)=O)ccc1-c1nc2ncccc2[nH]1,0
CCOC(=O)[C@H](CCc1ccccc1)N[C@@H](C)C(=O)N1[C@H](C(=O)O)C[C@@H]2CCC[C@@H]21,0
CC(C(=O)O)c1ccc2c(c1)CC(=O)c1ccccc1S2,0
CN(C)c1ccc2nc3ccc(=[N+](C)C)cc-3sc2c1,0
Cc1cc2nc3ccc(=[N+](C)C)cc-3sc2cc1N,0
Cc1cc(-n2c(=O)[nH]c(=O)n(C)c2=O)ccc1Oc1ccc(SC(F)(F)F)cc1,0
CCCc1nc2c(C)cc(-c3nc4ccccc4n3C)cc2n1Cc1ccc(-c2ccccc2C(=O)O)cc1,0
OC[C@H]1O[C@@H](c2ccc(Cl)c(Cc3ccc(O[C@H]4CCOC4)cc3)c2)[C@H](O)[C@@H](O)[C@@H]1O,0
COc1cc(-c2ccc(=O)[nH]n2)ccc1OC(F)F,0
COc1cc(Nc2c(C#N)cnc3cc(OCCCN4CCN(C)CC4)c(OC)cc23)c(Cl)cc1Cl,0
CC[C@]12CCCN3CCc4c(n(c5ccccc45)[C@@](O)(C(=O)OC)C1)[C@@H]32,0
NC(=O)c1cn(Cc2c(F)cccc2F)nn1,0
CC(=O)Oc1ccccc1C(=O)Nc1ncc([N+](=O)[O-])s1,0
O=c1[nH]cnc2c1ncn2[C@H]1CC[C@@H](CO)O1,0
O=c1[nH]cnc2c1ncn2[C@@H]1O[C@H](CO)[C@@H](O)[C@H]1O,0
CC(CNC1CCCCC1)OC(=O)c1ccccc1,0
CCOc1ccc(Cc2nccc3cc(OCC)c(OCC)cc23)cc1OCC,0
COc1ccc(Cc2nccc3cc(OC)c(OC)cc23)cc1OC,0
CN(C)CCC(c1ccc(Br)cc1)c1ccccn1,0
CN(C)CCOC(c1ccc(Cl)cc1)c1ccccn1,0
CC(C)N(CCC(C(N)=O)(c1ccccc1)c1ccccn1)C(C)C,0
CN(C)CCOC(C)(c1ccccc1)c1ccccn1,0
CN(C)CCC(c1ccccc1)c1ccccn1,0
CN(C)CCC(c1ccc(Cl)cc1)c1ccccn1,0
CCN1CCN(Cc2ccc(Nc3ncc(F)c(-c4cc(F)c5nc(C)n(C(C)C)c5c4)n3)nc2)CC1,0
O=C(Cn1c(=O)sc2ccc(Cl)cc21)N1CCN(CCO)CC1,0
Cc1cc(C#N)cc(C)c1Oc1nc(Nc2ccc(C#N)cc2)nc(N)c1Br,0
C[C@@H]1CCC[C@H](C)N1NC(=O)c1ccc(Cl)c(S(N)(=O)=O)c1,0
COC(=O)Nc1nc2ccc(C(=O)c3ccc(F)cc3)cc2[nH]1,0
COC(=O)Nc1nc2ccc(C(=O)c3ccccc3)cc2[nH]1,0
NC(N)=Nc1nc(CSCC/C(N)=N/S(N)(=O)=O)cs1,0
CN/C(=C\[N+](=O)[O-])NCCSCc1csc(CN(C)C)n1,0
C[C@]12CC[C@@H]3c4ccc(OC(=O)N(CCCl)CCCl)cc4CC[C@H]3[C@@H]1CC[C@@H]2O,0
C[C@]12CC[C@@H]3c4ccc(O)cc4CC[C@H]3[C@@H]1CC[C@@H]2O,0
C#C[C@]1(O)CC[C@H]2[C@@H]3CCc4cc(OC)ccc4[C@H]3CC[C@@]21C,0
CCCCC(=O)O[C@H]1CC[C@H]2[C@@H]3CCc4cc(O)ccc4[C@H]3CC[C@]12C,0
C#C[C@]1(O)CC[C@H]2[C@@H]3CCc4cc(O)ccc4[C@H]3CC[C@@]21C,0
C[C@]12CC[C@@H]3c4ccc(O)cc4C[C@@H](CCCCCCCCCS(=O)CCCC(F)(F)C(F)(F)F)[C@H]3[C@@H]1CC[C@@H]2O,0
C[C@]12CC[C@@H]3c4ccc(O)cc4CC[C@H]3[C@@H]1C[C@@H](O)[C@@H]2O,0
CCC(=O)OC(OP(=O)(CCCCc1ccccc1)CC(=O)N1C[C@H](C2CCCCC2)C[C@H]1C(=O)O)C(C)C,1
c1ccc([C@H]2CN3CCSC3=N2)cc1,0
c1ccc(C2CN3CCSC3=N2)cc1,0
NS(=O)(=O)c1cc2c(cc1Cl)NC(C(Cl)Cl)NS2(=O)=O,0
NS(=O)(=O)c1cc2c(cc1C(F)(F)F)NCNS2(=O)=O,0
C=CCSCC1Nc2cc(Cl)c(S(N)(=O)=O)cc2S(=O)(=O)N1,0
NS(=O)(=O)c1cc2c(cc1Cl)NCNS2(=O)=O,0
CCC(C)CCCC(=O)N[C@@H](CCN)C(=O)N[C@H](C(=O)N[C@@H](CCN)C(=O)N[C@H]1CCNC(=O)[C@H]([C@@H](C)O)NC(=O)[C@H](CCN)NC(=O)[C@H](CCN)NC(=O)[C@H](CC(C)C)NC(=O)[C@@H](CC(C)C)NC(=O)[C@H](CCN)NC1=O)[C@@H](C)O,0
NC[C@@H]1O[C@H](O[C@H]2[C@@H](O)[C@H](O[C@@H]3[C@@H](O)[C@H](N)C[C@H](N)[C@H]3O[C@H]3O[C@H](CO)[C@@H](O)[C@H](O)[C@H]3N)O[C@@H]2CO)[C@H](N)[C@@H](O)[C@@H]1O,0
NC[C@@H]1O[C@H](O[C@H]2[C@@H](O)[C@H](O[C@@H]3[C@@H](O)[C@H](N)C[C@H](N)[C@H]3O[C@H]3O[C@H](CN)[C@@H](O)[C@H](O)[C@H]3N)O[C@@H]2CO)[C@H](N)[C@@H](O)[C@@H]1O,0
O=C(c1ccc(F)cc1)C1CCN(CCn2c(=O)[nH]c3ccccc3c2=O)CC1,0
COc1cccc(OC)c1C(=O)N[C@@H]1C(=O)N2[C@@H]1SC(C)(C)[C@@H]2C(=O)[O-],0
CN1C(C(=O)Nc2ccccn2)=C(O)c2sccc2S1(=O)=O,0
Cc1cc(-c2ccccc2)nnc1NCCN1CCOCC1,0
CCOC(=O)[C@H](CCc1ccccc1)N[C@@H](C)C(=O)N1C(=O)N(C)C[C@H]1C(=O)O,0
C=C1CC[C@H](O)C/C1=C/C=C1\CCC[C@]2(C)[C@@H]([C@H](C)CCCC(C)C)CC[C@@H]12,0
C=C1/C(=C\C=C2/CCC[C@]3(C)[C@@H]([C@H](C)CCCC(C)C)CC[C@@H]23)C[C@@H](O)C[C@@H]1O,0
NC(=O)N1c2ccccc2CC(=O)c2ccccc21,0
CC1(C)S[C@@H]2[C@H](NC(=O)[C@H](N)c3ccccc3)C(=O)N2[C@H]1C(=O)OC1OC(=O)c2ccccc21,0
CCOc1ccccc1OCC1CNCCO1,0
CC[C@@H]1C(=O)OC[C@@H]1Cc1cncn1C,0
O=C1CC[C@@]2(O)[C@H]3Cc4ccc(O)c5c4[C@@]2(CCN3CC2CC2)[C@H]1O5,0
OCc1cc(C(O)CNCCCCCCOCCCCc2ccccc2)ccc1O,0
CC(C)c1cc2c(cc1S(=O)(=O)[O-])[C@@]1(C)CCC[C@@](C)(C(=O)O)[C@@H]1CC2,0
CCC(=O)O[C@@](Cc1ccccc1)(c1ccccc1)[C@@H](C)CN(C)C,0
CCN(CC)CCOC(=O)C1(c2ccc([N+](=O)[O-])cc2)CCCC1,0
CCN(CC)CCOCCOC(=O)C1(c2ccccc2)CCCC1,0
Nc1nnc(-c2cccc(Cl)c2Cl)c(N)n1,0
CN(C)CC/C=C1\c2ccccc2CSc2ccccc21,0
CC[C@@]1(O)C(=O)OCc2c1cc1n(c2=O)Cc2cc3c(CN(C)C)c(O)ccc3nc2-1,0
NC(=O)c1ncn([C@@H]2O[C@H](CO)[C@@H](O)[C@H]2O)n1,0
CC(/C=C1\SC(=S)N(CC(=O)O)C1=O)=C\c1ccccc1,0
O=C(c1ccc(OCCN2CCCCC2)cc1)c1c(-c2ccc(O)cc2)sc2cc(O)ccc12,0
CC1(C)NC(=O)N(c2ccc([N+](=O)[O-])c(C(F)(F)F)c2)C1=O,0
C#Cc1cccc(Nc2ncnc3cc(OCCOC)c(OCCOC)cc23)c1,0
CCCc1nn(C)c2c(=O)[nH]c(-c3cc(S(=O)(=O)N4CCN(C)CC4)ccc3OCC)nc12,0
CC1CNc2c(cccc2S(=O)(=O)N[C@@H](CCCN=C(N)N)C(=O)N2CC[C@@H](C)C[C@@H]2C(=O)O)C1,0
NC(=O)c1cnccn1,0
NC(N)=NC(=O)c1nc(Cl)c(N)nc1N,0
CCn1cc(C(=O)O)c(=O)c2cc3c(cc21)OCO3,0
C[n+]1ccccc1/C=N/O,0
CN(C)C(=O)Oc1ccc[n+](C)c1,0
CC[C@H](NC(C)C)[C@H](O)c1ccc(O)c2[nH]c(=O)ccc12,0
CC(C)(C#N)c1cc(Cn2cncn2)cc(C(C)(C)C#N)c1,0
CCO/C([O-])=N/c1c[n+](N2CCOCC2)no1,0
CCCC(=O)N1CCCN(c2nc(N)c3cc(OC)c(OC)cc3n2)CC1,0
CCC1(C)CC(=O)NC(=O)C1,0
C=C[C@H]1CN2CC[C@H]1C[C@H]2[C@H](OC(=O)OCC)c1ccnc2ccc(OC)cc12,0
C=C[C@H]1CN2CC[C@H]1C[C@@H]2[C@@H](O)c1ccnc2ccc(OC)cc12,1
COc1cc(C(=O)NS(=O)(=O)c2ccccc2C)ccc1Cc1cn(C)c2ccc(NC(=O)OC3CCCC3)cc12,0
CC(=O)N(CC(O)CN(C(C)=O)c1c(I)c(C(=O)NCC(O)CO)c(I)c(C(=O)NCC(O)CO)c1I)c1c(I)c(C(=O)NCC(O)CO)c(I)c(C(=O)NCC(O)CO)c1I,0
COc1cc(-c2ccc(N=Nc3ccc4c(S(=O)(=O)[O-])cc(S(=O)(=O)[O-])c(N)c4c3O)c(OC)c2)ccc1N=Nc1ccc2c(S(=O)(=O)[O-])cc(S(=O)(=O)[O-])c(N)c2c1O,0
C#C[C@]1(O)CC[C@H]2[C@@H]3CCC4=Cc5oncc5C[C@]4(C)[C@H]3CC[C@@]21C,0
COc1cc(C(=O)NC2CCCNC2)cc(OC)c1OC,0
CC(Cc1ccc(O)cc1)NCC(O)c1cc(O)cc(O)c1,0
C[C@H](NCCc1ccc(O)cc1)[C@H](O)c1ccc(O)cc1,0
OCCN1CCN(CC/C=C2/c3ccccc3Sc3ccc(C(F)(F)F)cc32)CC1,0
OCCN1CCN(CC/C=C2/c3ccccc3Sc3ccc(Cl)cc32)CC1,0
CCCOc1ccccc1-c1nc2n[nH]nc2c(=O)[nH]1,0
C1N2CN3CN1CN(C2)C3,0
CC(C)[N+](C)(CCC(C(N)=O)(c1ccccc1)c1ccccc1)C(C)C,0
Cc1ccccc1C(OCCN(C)C)c1ccccc1,0
NC(=O)CS(=O)C(c1ccccc1)c1ccccc1,0
Oc1ccc(Cl)cc1Cc1cc(Cl)ccc1O,0
Oc1c(Cl)cc(Cl)c(Cl)c1Cc1c(O)c(Cl)cc(Cl)c1Cl,0
Clc1ccc(C(c2ccccc2Cl)C(Cl)Cl)cc1,0
Cc1ccc(O)c([C@H](CCN(C(C)C)C(C)C)c2ccccc2)c1,1
CC(C)(C)CC(C)(C)c1ccc(O)c(Cc2ccc(Cl)cc2Cl)c1,0
CCN(CC)CCOC(=O)C(O)(c1ccccc1)c1ccccc1,0
CCN(CC)CCOC(=O)C(c1ccccc1)c1ccccc1,0
C#C[C@]1(OC(C)=O)CC[C@H]2[C@@H]3CCC4=C/C(=N/O)CC[C@@H]4[C@H]3CC[C@@]21CC,0
COC(=O)C1=C(C)NC(C)=C(C(=O)OCCN2CCN(C(c3ccccc3)c3ccccc3)CC2)C1c1cccc([N+](=O)[O-])c1,0
CCCCNc1c(C(=O)OCC)c(C)nc2c1cnn2CC,0
COc1ccc(C(Cl)=C(c2ccc(OC)cc2)c2ccc(OC)cc2)cc1,0
CN(C)CCOc1ccc(/C(=C(/CCCl)c2ccccc2)c2ccccc2)cc1,0
CC/C(=C(\c1ccccc1)c1ccc(OCCN(C)C)cc1)c1ccccc1,0
CC[C@@]1([C@@H]2O[C@@H]([C@H]3O[C@@](O)(CO)[C@H](C)C[C@@H]3C)C[C@@H]2C)CC[C@H]([C@]2(C)CC[C@]3(C[C@H](O)[C@@H](C)[C@@H]([C@@H](C)[C@@H](OC)[C@H](C)C(=O)[O-])O3)O2)O1,0
CC(C)(C)NCC(O)COc1cccc2c1C[C@H](O)[C@H](O)C2,0
Cc1ccc(-c2cc(C(F)(F)F)nn2-c2ccc(S(N)(=O)=O)cc2)cc1,0
CCOC(=O)c1c(N)sc2c1CCN(Cc1ccccc1)C2,0
CCN(CC)c1cc(C)nc2ncnn12,0
CC1(C)S[C@@H]2[C@H](NC(=O)[C@H](NC(=O)N3CCNC3=O)c3ccccc3)C(=O)N2[C@H]1C(=O)[O-],0
COc1cc2nc(N(C)CCCNC(=O)C3CCCO3)nc(N)c2cc1OC,0
CC(Cc1cccc(C(F)(F)F)c1)NCCOC(=O)c1ccccc1,0
CCOC(=O)[C@H](CCc1ccccc1)N[C@@H](C)C(=O)N1[C@H](C(=O)O)C[C@H]2CCCC[C@@H]21,0
CC[C@H]1OC(=O)[C@H](C)[C@@H](O[C@H]2C[C@@](C)(OC)[C@@H](O)[C@H](C)O2)[C@H](C)[C@@H](O[C@@H]2O[C@H](C)C[C@H](N(C)C)[C@H]2O)[C@](C)(OC)C[C@@H](C)C(=O)[C@H](C)[C@@H](O)[C@]1(C)O,0
CC[C@H]1OC(=O)[C@H](C)[C@@H](O[C@H]2C[C@@](C)(OC)[C@@H](O)[C@H](C)O2)[C@H](C)[C@@H](O[C@@H]2O[C@H](C)C[C@H](N(C)C)[C@H]2O)[C@](C)(O)C[C@@H](C)C(=O)[C@H](C)[C@@H](O)[C@]1(C)O,0
CC(=O)OCC1OC([S-])C(OC(C)=O)C(OC(C)=O)C1OC(C)=O,0
CN(N=O)C(=O)N[C@@H]1[C@@H](O)[C@H](O)[C@@H](CO)O[C@@H]1O,0
C[C@H](CS)C(=O)N1CCC[C@H]1C(=O)O,0
CN(C)CCCN1c2ccccc2CCc2ccc(Cl)cc21,0
CNCCCN1c2ccccc2CCc2ccccc21,0
CC(CN(C)C)CN1c2ccccc2CCc2ccccc21,0
CN(C)CCCN1c2ccccc2CCc2ccccc21,0
O=C([O-])c1cc(=O)c2c(OCC(O)COc3cccc4oc(C(=O)[O-])cc(=O)c34)cccc2o1,0
CCN[C@H]1C[C@H](C)S(=O)(=O)c2sc(S(N)(=O)=O)cc21,0
Nc1nc(/C(=C/CC(=O)O)C(=O)N[C@@H]2C(=O)N3C(C(=O)O)=CCS[C@H]23)cs1,0
CC/C=C(\C(=O)N[C@@H]1C(=O)N2C(C(=O)OCOC(=O)C(C)(C)C)=C(COC(N)=O)CS[C@H]12)c1csc(N)n1,0
C/C=C/C[C@@H](C)[C@@H](O)[C@H]1C(=O)N[C@@H](CC)C(=O)N(C)CC(=O)N(C)[C@@H](CC(C)C)C(=O)N[C@@H](C(C)C)C(=O)N(C)[C@@H](CC(C)C)C(=O)N[C@@H](C)C(=O)N[C@H](C)C(=O)N(C)[C@@H](CC(C)C)C(=O)N(C)[C@@H](CC(C)C)C(=O)N(C)[C@@H](C(C)C)C(=O)N1C,0
CCN(CC)CCOC(=O)C(Cc1cccc2ccccc12)CC1CCCO1,0
CNC(=O)Oc1ccc2c(c1)[C@]1(C)CCN(C)[C@@H]1N2C,0
C[N+]1(C)CCOC(O)(c2ccc(-c3ccc(C4(O)C[N+](C)(C)CCO4)cc3)cc2)C1,0
CO/N=C(\C(=O)N[C@@H]1C(=O)N2C(C(=O)[O-])=C(C[n+]3ccn4ncccc43)CS[C@H]12)c1nsc(N)n1,0
CCOc1ccc2ccccc2c1C(=O)N[C@@H]1C(=O)N2[C@@H]1SC(C)(C)[C@@H]2C(=O)[O-],0
Cc1ccc(S(=O)(=O)NC(=O)NN2CC3CCCC3C2)cc1,0
CC(C)NCC(O)COc1ccc(CCOCC2CC2)cc1,0
CCOC(=O)[C@H](CCc1ccccc1)N[C@@H](C)C(=O)N1Cc2ccccc2C[C@H]1C(=O)O,0
COc1cc(N)cn[n+]1-c1ccccc1,0
Cc1ccc(N(CC2=NCCN2)c2cccc(O)c2)cc1,0
CC(=O)OC[C@H]1O[C@@H](n2ncc(=O)[nH]c2=O)[C@H](OC(C)=O)[C@@H]1OC(C)=O,0
O=[N+]([O-])c1ccc(O)c2ncccc12,0
Oc1c(I)cc(Cl)c2cccnc12,0
Oc1c(Br)cc(Br)c2cccnc12,0
CCN(CCO)CCCC(C)Nc1ccnc2cc(Cl)ccc12,1
Oc1c(Cl)cc(Cl)c2cccnc12,0
COc1cc(NC(C)CCCN)c2ncccc2c1,0
CCN(CC)CCCC(C)Nc1ccnc2cc(Cl)ccc12,1
CCCCOc1cc(C(=O)NCCN(CC)CC)c2ccccc2n1,0
Cc1ccc2c(Cl)cc(Cl)c(O)c2n1,0
CCC(c1ccc(O)cc1)C(CC)c1ccc(O)cc1,0
COc1cccc(CCc2ccccc2OCC(CN(C)C)OC(=O)CCC(=O)O)c1,0
O=c1n(CCCN2CCN(c3cccc(Cl)c3)CC2)nc2ccccn12,0
CO/N=C(\C(=O)N[C@@H]1C(=O)N2C(C(=O)[O-])=C(COC(N)=O)CS[C@H]12)c1ccco1,0
CO/N=C(\C(=O)N[C@@H]1C(=O)N2C(C(=O)OC(C)OC(C)=O)=C(COC(N)=O)CS[C@H]12)c1ccco1,0
O=c1c2ccccc2[se]n1-c1ccccc1,0
CC(C)(C)NCC(O)CSc1nc(-c2ccc(C(N)=O)s2)cs1,0
NCCCC[C@H](N[C@@H](CCc1ccccc1)C(=O)O)C(=O)N1CCC[C@H]1C(=O)O,0
C[C@H](N[C@@H](CCc1ccccc1)C(=O)O)C(=O)N1CCC[C@H]1C(=O)O,0
CCOC(=O)[C@H](CCc1ccccc1)N[C@@H](C)C(=O)N1CCC[C@H]1C(=O)O,0
CC1CC(OC(=O)c2ccccc2O)CC(C)(C)C1,0
Cn1cc(C(=O)[C@@H]2CCc3nc[nH]c3C2)c2ccccc21,0
C[C@]12Cc3cn[nH]c3C[C@@H]1CC[C@@H]1[C@@H]2CC[C@@]2(C)[C@H]1CC[C@]2(C)O,0
CNCCC=C1c2ccccc2C=Cc2ccccc21,0
CN(C)CCC=C1c2ccccc2C=Cc2ccccc21,0
CC(=O)S[C@@H]1CC2=CC(=O)CC[C@]2(C)[C@H]2CC[C@@]3(C)[C@@H](CC[C@@]34CCC(=O)O4)[C@H]12,0
CCNC(=O)CCC/C=C\C[C@@H]1[C@@H](/C=C/[C@@H](O)CCc2ccccc2)[C@H](O)C[C@@H]1O,0
Fc1ccc(C(c2ccc(F)cc2)N2CCN(C/C=C/c3ccccc3)CC2)cc1,0
C(=C/c1ccccc1)\CN1CCN(C(c2ccccc2)c2ccccc2)CC1,0
CN(Cc1cc(Br)cc(Br)c1N)C1CCCCC1,0
Nc1c(Br)cc(Br)cc1CNC1CCC(O)CC1,1
C[C@]12CCC(=O)C=C1CC[C@@H]1[C@@H]2C(=O)C[C@]2(C)C(=O)CC[C@@H]12,0
CN1CCC[C@@H]1CCO[C@](C)(c1ccccc1)c1ccc(Cl)cc1,0
CC[N+](C)(C)Cc1ccccc1Br,0
CC(C)NCC(O)c1cc(O)cc(O)c1,0
CNC(C)(C)Cc1ccccc1,0
CC(C)NCC(O)COc1ccc(COCCOC(C)C)cc1,0
CC(C)(C)NCC(O)c1cc(O)cc(O)c1,0
CCCCCCCN(CC)CCCC(O)c1ccc(NS(C)(=O)=O)cc1,0
CCCCCCC[N+](CC)(CC)CCCCc1ccc(Cl)cc1,0
CCOCC(O)COc1ccc(NC(=O)CC[S+](C)C)cc1,0
COCCCOc1cc(C[C@@H](C[C@H](N)[C@@H](O)C[C@H](C(=O)NCC(C)(C)C(N)=O)C(C)C)C(C)C)ccc1OC,0
NC(N)=NCc1cccc(I)c1,0
Cc1cc2nc3c(=O)[nH]c(=O)nc-3n(C[C@H](O)[C@H](O)[C@H](O)CO)c2cc1C,0
CC(C)Cn1cnc2c(N)nc3ccccc3c21,0
C[C@]12CC[C@H]3C(=CCc4cc(O)ccc43)[C@@H]1CCC2=O,1
CCOc1ccccc1O[C@H](c1ccccc1)[C@H]1CNCCO1,0
CC[C@@H](C(N)=O)N1CCCC1=O,0
NC(=O)CN1CCCC1=O,0
NC(=O)CN1CC(O)CC1=O,0
CCCNCC(O)COc1ccccc1C(=O)CCc1ccccc1,0
CCc1nc(N)nc(N)c1-c1ccc(Cl)cc1,0
O=C1CN2Cc3c(ccc(Cl)c3Cl)N=C2N1,0
C[C@]12C=CC(=O)C=C1CC[C@@H]1[C@@H]2C(=O)C[C@@]2(C)[C@H]1CC[C@]2(O)C(=O)CO,0
N=c1ccn2c(n1)O[C@H]1[C@H](O)[C@@H](CO)O[C@H]12,0
CO[C@H]1/C=C/O[C@@]2(C)Oc3c(C)c(O)c4c(O)c(c5c(nc6cc(C)ccn65)c4c3C2=O)NC(=O)/C(C)=C\C=C\[C@H](C)[C@H](O)[C@@H](C)[C@@H](O)[C@@H](C)[C@H](OC(C)=O)[C@@H]1C,0
Cc1cc(C(=O)NNCc2ccccc2)no1,0
O=C(c1ccccc1)c1ccc2n1CCC2C(=O)O,0
CCOc1cc(N)c(Cl)cc1C(=O)NCC1CN(Cc2ccc(F)cc2)CCO1,0
NS(=O)(=O)c1cc2c(cc1Cl)NC(CSCc1ccccc1)=NS2(=O)=O,0
C[C@]12CCC(=O)C(O)=C1CC[C@@H]1[C@@H]2CC[C@]2(C)C(=O)CC[C@@H]12,1
CCN(CC)CCCC(C)Nc1c2ccc(Cl)cc2nc2ccc(OC)cc12,0
Nc1ccc2cc3ccc(N)cc3nc2c1,0
Nc1c2ccccc2nc2ccccc12,0
CCOc1ccc2nc3cc(N)ccc3c(N)c2c1,0
O=C(Nc1ccccc1)OCC(CN1CCCCC1)OC(=O)Nc1ccccc1,0
NC(=O)NC1NC(=O)NC1=O,0
CO/N=C(\C(=O)N[C@@H]1C(=O)N2C(C(=O)OCOC(=O)C(C)(C)C)=C(/C=C\c3scnc3C)CS[C@H]12)c1csc(N)n1,0
Cc1cc(C2CCCCC2)n(O)c(=O)c1,0
CN(C)CCCN1c2ccccc2Sc2ccc(Cl)cc21,0
CC(=O)c1ccc2c(c1)N(CCCN(C)C)c1ccccc1S2,0
CCN(CC)C(C)CN1c2ccccc2Sc2ccccc21,0
CN(C)CCCN1c2ccccc2Sc2ccc(C(F)(F)F)cc21,0
COc1ccc2c(c1)N(C[C@H](C)CN(C)C)c1ccccc1S2,0
CN(C)CCCN1c2ccccc2Sc2ccccc21,1
c1ccc2c(c1)Nc1ccccc1S2,0
CC(CN1c2ccccc2Sc2ccccc21)N(C)C,0
C/C=C(\C)C(=O)OC1[C@H](OC(C)=O)C2(CO)C(CC1(C)C)C1=CCC3C4(C)CCC(O[C@@H]5O[C@H](C(=O)O)[C@@H](O[C@@H]6O[C@H](CO)[C@@H](O)[C@H](O)[C@H]6O)[C@H](O)[C@H]5O[C@H]5O[C@H](CO)[C@@H](O)[C@H](O)[C@H]5O)[C@](C)(CO)C4CCC3(C)[C@]1(C)C[C@H]2O,0
C=C1CC[C@@]2(O)[C@H]3Cc4ccc(O)c5c4[C@@]2(CCN3CC2CC2)[C@H]1O5,1
CC(=O)O[C@]1(C(C)=O)CC[C@H]2[C@@H]3C=C(Cl)C4=CC(=O)[C@@H]5C[C@@H]5[C@]4(C)[C@H]3CC[C@@]21C,0
COc1cc2c(Nc3ccc(Br)cc3F)ncnc2cc1OCC1CCN(C)CC1,0
CN(CCOc1ccc(NS(C)(=O)=O)cc1)CCc1ccc(NS(C)(=O)=O)cc1,0
CC(COc1ccccc1)NC(C)C(O)c1ccc(O)cc1,0
CN(C)CCc1c[nH]c2ccc(C[C@H]3COC(=O)N3)cc12,0
CC(C)COC(=O)OCN1C(=O)CN(CCN2CC(=O)N(COC(=O)OCC(C)C)C(=O)C2)CC1=O,0
C[C@@H](CN1CC(=O)NC(=O)C1)N1CC(=O)NC(=O)C1,0
CC(=O)N1CCN(c2ccc(OC[C@H]3CO[C@](Cn4ccnc4)(c4ccc(Cl)cc4Cl)O3)cc2)CC1,0
Nc1ccn([C@@H]2CS[C@H](CO)O2)c(=O)n1,0
C/C(=C(\CCOP(=O)(O)O)SC(=O)c1ccccc1)N(C=O)Cc1cnc(C)nc1N,0
CCn1cc(C(=O)O)c(=O)c2cc(F)c(N3CCNCC3)cc21,0
CCn1cc(C(=O)O)c(=O)c2cc(F)c(N3CCNC(C)C3)c(F)c21,0
CCn1cc(C(=O)O)c(=O)c2cc(F)c(N3CCN(C)CC3)cc21,0
CN1CCN(c2c(F)cc3c(=O)c(C(=O)O)cn(CCF)c3c2F)CC1,0
C[C@@H]1CN(c2c(F)c(N)c3c(=O)c(C(=O)O)cn(C4CC4)c3c2F)C[C@H](C)N1,1
CCN1CCN(c2cc3c(cc2F)c(=O)c(C(=O)O)cn3C2CC2)CC1,0
COc1c(N2CCNC(C)C2)c(F)cc2c(=O)c(C(=O)O)cn(C3CC3)c12,0
Cc1c(F)c(N2CCNC(C)C2)cc2c1c(=O)c(C(=O)O)cn2C1CC1,0
O=C(O)c1cn(C2CC2)c2cc(N3CCNCC3)c(F)cc2c1=O,0
CCCc1ncc(C[n+]2ccccc2C)c(N)n1,0
O=C(NCCCN1CCOCC1)c1ccc(Cl)cc1,0
C[C@]12C/C(=C/O)C(=O)C[C@@H]1CC[C@@H]1[C@@H]2CC[C@@]2(C)[C@H]1CC[C@]2(C)O,1
CO[C@@H]1[C@@H](OC2OC(C)C(OC3CC(C)(O)C(O)C(C)O3)C(N(C)C)C2O)[C@@H](CC=O)C[C@@H](C)[C@@H](OC2CCC(N(C)C)C(C)O2)C=CC=CC[C@@H](C)OC(=O)C[C@H]1OC(C)=O,1
CO[C@@H]1[C@@H](OC2OC(C)C(OC3CC(C)(O)C(O)C(C)O3)C(N(C)C)C2O)[C@@H](CC=O)C[C@@H](C)[C@@H](OC2CCC(N(C)C)C(C)O2)/C=C/C=C/C[C@@H](C)OC(=O)C[C@H]1O,0
CN1C[C@H](CNC(=O)OCc2ccccc2)C[C@@H]2c3cccc4c3c(cn4C)C[C@H]21,0
O=C1NCC2(CCN(CCc3ccccc3)CC2)O1,0
CC(C)(C)NC[C@H](O)COc1nsnc1N1CCOCC1,0
CN1CCN2c3ccccc3Cc3ccccc3C2C1,0
O=C1OC2(c3cc(Br)c([O-])cc3Oc3c2cc(Br)c([O-])[c]3[Hg])c2ccccc21,1
COc1cc(NS(=O)(=O)c2ccc(N)cc2)nc(OC)n1,0
COc1ncnc(NS(=O)(=O)c2ccc(N)cc2)c1OC,1
Cc1cc(NS(=O)(=O)c2ccc(N)cc2)nc(C)n1,0
COc1cc(NS(=O)(=O)c2ccc(N)cc2)ncn1,0
C=C1[C@H](CO)[C@@H](O)C[C@@H]1n1cnc2c(=O)[nH]c(N)nc21,0
c1ccc2c(CC3=NCCN3)cccc2c1,0
C[C@H](CCC(=O)O)[C@H]1CC[C@H]2[C@@H]3C(=O)C[C@@H]4CC(=O)CC[C@]4(C)[C@H]3CC(=O)[C@]12C,0
C[N+]1(C)CCC(OC(=O)C(O)(c2ccccc2)C2CCCC2)C1,0
COC(=O)Nc1nc2ccc(Sc3ccccc3)cc2[nH]1,0
OC(Cn1cncn1)(Cn1cncn1)c1ccc(F)cc1F,0
CC(Oc1c(Cl)cccc1Cl)C1=NCCN1,0
CCN1CCN(C(=O)N[C@@H](C(=O)N[C@@H]2C(=O)N3C(C(=O)O)=C(CSc4nnnn4C)CS[C@H]23)c2ccc(O)cc2)C(=O)C1=O,0
COC(=O)C1=C(C)NC(C)=C(C(=O)OC(C)C)C1c1cccc2nonc12,0
CCN1CCC[C@H]1CNC(=O)c1c(OC)ccc(Br)c1OC,0
CCN1CCCC1CNC(=O)c1cc(S(=O)(=O)CC)c(N)cc1OC,0
CCN1CCC[C@H]1CNC(=O)c1c(O)c(Cl)cc(Cl)c1OC,0
CCN1CCCC1CNC(=O)c1cc(S(N)(=O)=O)ccc1OC,0
Clc1ccc(C(Cn2ccnc2)OCc2ccsc2Cl)c(Cl)c1,0
C[C@@H]1[C@H](O)[C@@H](C)/C=C/C=C/C=C/C=C/C=C/C=C/C=C/[C@H](O[C@@H]2O[C@H](C)[C@@H](O)[C@H](N)[C@@H]2O)C[C@@H]2O[C@](O)(C[C@@H](O)C[C@@H](O)[C@H](O)CC[C@@H](O)C[C@@H](O)CC(=O)O[C@H]1C)C[C@H](O)[C@H]2C(=O)O,0
CN1CCC(=C2c3ccccc3C=Cc3ccccc32)CC1,0
CN(C)CCCOc1nn(Cc2ccccc2)c2ccccc12,0
O=C(O)COc1nn(Cc2ccccc2)c2ccccc12,0
C[C@@H]1[C@H](O)[C@@H](C)/C=C/C=C/CC/C=C/C=C/C=C/C=C/C(O[C@H]2O[C@H](C)[C@@H](O)[C@H](N)[C@@H]2O)CC2O[C@](O)(CC(O)C(O)CCC(O)CC(O)CC(O)CC(=O)O[C@H]1C)CC(O)C2C(=O)O,0
C#C[C@]1(O)C=C[C@H]2[C@@H]3CCC4=CC(=O)CC[C@@H]4[C@H]3CC[C@@]21CC,0
C[N+](C)(CCOc1ccccc1)Cc1ccccc1,0
C[C@@H](O[C@H]1OCCN(Cc2n[nH]c(=O)[nH]2)[C@H]1c1ccc(F)cc1)c1cc(C(F)(F)F)cc(C(F)(F)F)c1,0
O=C1[C@H](CC[C@H](O)c2ccc(F)cc2)[C@@H](c2ccc(O)cc2)N1c1ccc(F)cc1,0
N[C@@H]1C[C@H]1c1ccccc1,0
CCN(CC)C(=O)[C@]1(c2ccccc2)C[C@@H]1CN,0
CC(C)(Oc1ccc(C2CC2(Cl)Cl)cc1)C(=O)O,0
CCSc1ccc2c(c1)N(CCCN1CCN(C)CC1)c1ccccc1S2,0
OCCN1CCN(CCCN2c3ccccc3Sc3ccc(Cl)cc32)CC1,0
CN1CCN(CCCN2c3ccccc3Sc3ccc(S(=O)(=O)N(C)C)cc32)CC1,0
OCCN1CCN(CCCN2c3ccccc3Sc3ccc(C(F)(F)F)cc32)CC1,0
CN1CCN(CCCN2c3ccccc3Sc3ccc(C(F)(F)F)cc32)CC1,0
CN1CCN(CCCN2c3ccccc3Sc3ccc(Cl)cc32)CC1,0
O=C(O)c1cn(-c2ccc(F)cc2)c2cc(N3CCNCC3)c(F)cc2c1=O,0
Cc1onc(-c2ccccc2)c1-c1ccc(S(N)(=O)=O)cc1,0
COc1ccc(-c2noc(CC(=O)O)c2-c2ccc(OC)cc2)cc1,0
O=C(Oc1cccc2cccnc12)c1ccccc1,0
CC1=C(/C=C/C(C)=C/C=C/C(C)=C/C(=O)O)C(C)(C)CCC1,0
CC1=C(/C=C/C(C)=C/C=C/C(C)=C\C(=O)O)C(C)(C)CCC1,1
CCOC(=O)C1=C[C@@H](OC(CC)CC)[C@H](NC(C)=O)[C@@H](N)C1,0
CN(Cc1ccc(C(C)(C)C)cc1)Cc1cccc2ccccc12,0
COc1cccc2c1C(=O)c1c(O)c3c(c(O)c1C2=O)C[C@@](O)(C(=O)CO)C[C@@H]3O[C@H]1C[C@H](N)[C@@H](O)[C@H](C)O1,0
COc1cccc2c1C(=O)c1c(O)c3c(c(O)c1C2=O)C[C@@](O)(C(C)=O)C[C@@H]3O[C@H]1C[C@H](N)[C@H](O)[C@H](C)O1,0
COc1cccc2c1C(=O)c1c(O)c3c(c(O)c1C2=O)C[C@@](O)(C(=O)CO)C[C@@H]3O[C@H]1C[C@H](N)[C@H](O)[C@H](C)O1,0
OCCN(CCO)c1nc(N2CCCCC2)c2nc(N(CCO)CCO)nc(N3CCCCC3)c2n1,0
COc1cc2c(cc1OC)CC(=O)N(CCCN(C)C[C@H]1Cc3cc(OC)c(OC)cc31)CC2,0
CCCN[C@H]1CCc2nc(N)sc2C1,0
c1ccc(-c2ccc(C(c3ccccc3)n3ccnc3)cc2)cc1,0
CCCCCCCCCCCCCCCC[N+](C)(C)CCN(Cc1ccc(OC)cc1)c1ncccn1,0
CC(C)(O)c1ccccc1CC[C@@H](SCC1(CC(=O)O)CC1)c1cccc(/C=C/c2ccc3ccc(Cl)cc3n2)c1,0
Cc1ncc(C[n+]2csc(CCO)c2C)c(N)n1,0
C[N+]1(C)CCCC(OC(=O)C(O)(c2ccccc2)c2ccccc2)C1,0
CC[N+]1(C)CCCC(OC(=O)C(O)(c2ccccc2)c2ccccc2)C1,0
Cc1ccc(-c2ncc(Cl)cc2-c2ccc(S(C)(=O)=O)cc2)cn1,0
Nc1ccc(S(=O)(=O)Nc2ccccn2)cc1,0
CCN1CCCC(OC(=O)C(c2ccccc2)c2ccccc2)C1,0
CC(=O)O[C@]1(C(C)=O)CC[C@H]2[C@@H]3C=C(Cl)C4=CC(=O)CC[C@]4(C)[C@H]3CC[C@@]21C,0
CC(=O)[C@H]1CC[C@H]2[C@@H]3C=CC4=CC(=O)CC[C@@]4(C)[C@@H]3CC[C@]12C,0
CC(=O)O[C@]1(C(C)=O)CC[C@H]2[C@@H]3C=C(C)C4=CC(=O)CC[C@@H]4[C@H]3CC[C@@]21C,0
CC(=O)O[C@]1(C(C)=O)CC[C@H]2[C@@H]3C=C(C)C4=CC(=O)CC[C@]4(C)[C@H]3CC[C@@]21C,0
C[C@]12CCC(=O)C=C1C=C[C@@H]1[C@@H]2CC[C@@]2(C)[C@H]1CC[C@@]2(O)CCC(=O)[O-],0
Cc1cnc(C(=O)O)c[n+]1[O-],0
COC(c1ccccc1)(c1ccccc1)[C@H](Oc1nc(C)cc(C)n1)C(=O)O,1
CCCCC1C(=O)N(c2ccccc2)N(c2ccccc2)C1=O,0
CC(C)=CCC1C(=O)N(c2ccccc2)N(c2ccccc2)C1=O,0
CCCCC1(COC(=O)CCC(=O)O)C(=O)N(c2ccccc2)N(c2ccccc2)C1=O,0
CCCCC1C(=O)N(c2ccccc2)N(c2ccc(O)cc2)C1=O,0
CN[C@@H]1[C@H](O[C@H]2[C@H](O[C@H]3[C@H](O)[C@@H](O)[C@H](N=C(N)N)[C@@H](O)[C@@H]3N=C(N)N)O[C@@H](C)[C@]2(O)CO)O[C@@H](CO)[C@H](O)[C@H]1O,0
CN[C@@H]1[C@H](O[C@H]2[C@H](O[C@H]3[C@H](O)[C@@H](O)[C@H](N=C(N)N)[C@@H](O)[C@@H]3N=C(N)N)O[C@@H](C)[C@]2(O)C=O)O[C@@H](CO)[C@H](O)[C@H]1O,0
CN1[C@@H]2CC[C@H]1CC(OC(=O)c1c[nH]c3ccccc13)C2,0
CC(=O)OCC(=O)[C@@]12N=C(C)O[C@@H]1C[C@H]1[C@@H]3CCC4=CC(=O)C=C[C@]4(C)[C@H]3[C@@H](O)C[C@@]12C,0
CN(C)C/C=C(/c1ccc(Br)cc1)c1cccnc1,0
O=C1Cc2cc(CCN3CCN(c4nsc5ccccc45)CC3)c(Cl)cc2N1,0
Cn1c(=O)c2c(ncn2CC2OCCO2)n(C)c1=O,0
C=CC1=C(C(=O)O)N2C(=O)[C@@H](NC(=O)/C(=N\OCC(=O)O)c3csc(N)n3)[C@H]2SC1,0
CO/N=C(\C(=O)N[C@@H]1C(=O)N2C(C(=O)[O-])=C(COC(C)=O)CS[C@H]12)c1csc(N)n1,0
C=CC1=C(C(=O)O)N2C(=O)[C@@H](NC(=O)/C(=N\O)c3csc(N)n3)[C@H]2SC1,0
COCC1=C(C(=O)OC(C)OC(=O)OC(C)C)N2C(=O)[C@@H](NC(=O)/C(=N\OC)c3csc(N)n3)[C@H]2SC1,0
CC(C)(C)CC(C)(C)c1ccc(O)cc1,0
NC(=O)C(c1ccccc1)(c1ccccc1)[C@@H]1CCN(CCc2ccc3c(c2)CCO3)C1,0
CCN(CC)CCOC(=O)C(c1ccccc1)C1CCCCC1,0
COc1ccc(C(CN(C)C)C2(O)CCCCC2)cc1,0
CC[N+](CC)(CC)CCC(O)(c1ccccc1)C1CCCCC1,0
CCN(CC)CC#CCOC(=O)C(O)(c1ccccc1)C1CCCCC1,0
CCCCCC[C@H]1C(=O)O[C@H](C)[C@H](NC(=O)c2cccc(NC=O)c2O)C(=O)O[C@@H](C)[C@@H]1OC(=O)CC(C)C,0
NS(=O)(=O)c1cc(C(=O)O)c(NCc2ccco2)cc1Cl,0
CC(NCCC(c1ccccc1)c1ccccc1)c1ccccc1,0
CN1[C@@H]2CCC[C@H]1CC(NC(=O)c1nn(C)c3ccccc13)C2,0
Cc1cc2c(s1)Nc1ccccc1N=C2N1CCN(C)CC1,1
Nc1ccc(S(=O)(=O)c2ccc(N)cc2)cc1,0
COc1ccc(C(=O)CC(=O)c2ccc(C(C)(C)C)cc2)cc1,0
CC(C)(C)NC(=O)[C@H]1CC[C@H]2[C@@H]3CC[C@H]4NC(=O)C=C[C@]4(C)[C@H]3CC[C@]12C,0
Nc1[nH]c(=O)ncc1F,0
CCCCc1ncc(/C=C(\Cc2cccs2)C(=O)O)n1Cc1ccc(C(=O)O)cc1,0
CC1=NS(=O)(=O)c2cc(Cl)ccc2N1,0
NS(=O)(=O)c1cc2c(cc1Cl)NC=NS2(=O)=O,0
COc1ccc2[nH]c(S(=O)Cc3ncc(C)c(OC)c3C)nc2n1,0
COc1nc(C)nc(Cl)c1NC1=NCCN1,0
Nc1nc(=S)c2ncn([C@@H]3O[C@H](CO)[C@@H](O)[C@H]3O)c2[nH]1,0
C[C@]12COC(=O)C[C@@H]1CC[C@@H]1[C@@H]2CC[C@@]2(C)[C@H]1CC[C@]2(C)O,0
C[C@]12CC[C@@H]3c4ccc(OS(=O)(=O)O)cc4CC[C@H]3[C@@H]1CCC2=O,0
CCCC(C)C1(CC)C(=O)NC(=O)NC1=O,0
C=CCC1(CC(C)C)C(=O)NC(=O)NC1=O,0
OC[C@H]1O[C@H](O[C@H]2O[C@H](CO)[C@@H](O)[C@H](O)[C@H]2O)[C@H](O)[C@@H](O)[C@@H]1O,0
CN1CCN(C2=Nc3cc(Cl)ccc3Nc3ccccc32)CC1,0
NS(=O)(=O)Cc1noc2ccccc12,0
NCc1ccccc1CC(=O)N[C@@H]1C(=O)N2C(C(=O)O)=C(CSc3nnnn3CC(=O)O)CS[C@H]12,0
Cn1nnnc1SCC1=C(C(=O)[O-])N2C(=O)[C@@H](NC(=O)[C@H](O)c3ccccc3)[C@H]2SC1,1
C/C(=C1/CCOC(=O)S1)N(C=O)Cc1cnc(C)nc1N,0
CN1C(=O)CCS(=O)(=O)C1c1ccc(Cl)cc1,0
CC(=O)O[C@@]12CO[C@@H]1C[C@H](O)[C@@]1(C)C(=O)[C@H](O)C3=C(C)[C@@H](OC(=O)[C@H](O)[C@@H](NC(=O)OC(C)(C)C)c4ccccc4)C[C@@](O)([C@@H](OC(=O)c4ccccc4)[C@H]21)C3(C)C,0
Cc1c(NC(=O)c2cccnc2)c(=O)n(-c2ccccc2)n1C,0
CC(C)(C)C(=O)C(Oc1ccc(Cl)cc1)n1ccnc1,0
CNCCC(Oc1ccccc1OC)c1ccccc1,0
Oc1ccc(OCc2ccccc2)cc1,0
C[C@H](NCc1ccc(OCc2cccc(F)c2)cc1)C(N)=O,0
CNCC[C@@H](Oc1ccccc1C)c1ccccc1,0
CNCCC(Oc1ccc(C(F)(F)F)cc1)c1ccccc1,0
CN1CC(=O)N2[C@H](c3ccc4c(c3)OCO4)c3[nH]c4ccccc4c3C[C@@H]2C1=O,0
CN(CCCN1c2ccccc2CCc2ccccc21)CC(=O)c1ccc(Cl)cc1,0
CN1CCCN=C1/C=C/c1cccs1,0
Cc1ccsc1/C=C/C1=NCCCN1C,0
NC1CCN(c2nc3c(cc2F)c(=O)c(C(=O)O)cn3-c2ccc(F)cc2F)C1,0
Cc1cc(NS(=O)(=O)c2ccc(N)cc2)no1,0
