feature_name,feature_description,dropped_reason,feature_backend
most_basic_pka,most_basic_pka,dropped_by_training_preprocessor_due_to_train_nan_column,herg
combined_logp_pka_sq,combined_logp_pka_sq,dropped_by_training_preprocessor_due_to_train_nan_column,herg
min_basic_center_distance,min_basic_center_distance,dropped_by_training_preprocessor_due_to_train_nan_column,herg
min_basic_to_aromatic_distance,min_basic_to_aromatic_distance,dropped_by_training_preprocessor_due_to_train_nan_column,herg
combined_logp_pka_sq_lt_110,combined_logp_pka_sq_lt_110,dropped_by_training_preprocessor_due_to_train_nan_column,herg
most_basic_pka_le_8,most_basic_pka_le_8,dropped_by_training_preprocessor_due_to_train_nan_column,herg
cation_pi_proxy_present,cation_pi_proxy_present,dropped_by_training_preprocessor_due_to_train_nan_column,herg
short_basic_center_distance_present,short_basic_center_distance_present,dropped_by_training_preprocessor_due_to_train_nan_column,herg
long_basic_to_aromatic_distance_present,long_basic_to_aromatic_distance_present,dropped_by_training_preprocessor_due_to_train_nan_column,herg
