smiles,Skin_Reaction
CCOCc1cc(OC)c(B(O)O)c(OC)c1,0
COc1cc(C(=O)CC(=O)C(C)(C)C)cc(OC)c1OC,0
CNC(C)c1cc(C(F)(F)F)cc(C(F)(F)F)c1,0
CCC(N)c1ccccc1,0
O=C(O)C(=NOCc1ccccc1)C(=O)O,0
CCCOc1ccc(Br)c(C(=O)O)c1,0
NS(=O)(=O)c1cccc(CCCCOCCCCCCBr)c1,0
COc1ccc(C=O)cc1O,0
CCCOc1cccc(C(=O)O)c1,0
O=C(O)c1ccc(O)cc1,0
COc1ccc(C(C)=O)cc1,0
Cc1ccc(N)cc1S(N)(=O)=O,0
COc1cc(CC#N)c([N+](=O)[O-])cc1C(F)(F)F,0
Nc1ccccc1C(=O)O,0
O=Cc1ccccc1,0
CCOC(=O)c1ccc(N)cc1,0
Clc1ccccc1,0
CCOC(=O)c1ccccc1C(=O)OCC,0
CCOC(=O)CC(=O)c1ccccc1,0
CCOc1cc(C=O)ccc1O,0
C=CCc1ccc(O)c(OC(C)C)c1,0
CCC(=O)c1cccc(Cl)c1,0
COC(=O)c1ccc(O)cc1,0
COC(=O)c1ccccc1O,0
CCOC(=O)C(Cc1ccc(O)cc1)NC(=O)OC(C)(C)C,0
CCCOC(=O)c1ccc(O)cc1,0
O=C(O)c1ccccc1O,0
Nc1ccc(S(N)(=O)=O)cc1,0
Nc1ccc(S(=O)(=O)O)cc1,0
CC(C)(C)OC(=O)c1cccc(N)c1,0
COc1cc(C=O)ccc1O,0
CC=Cc1ccc(OC)cc1,1
CCCCCC(=O)CC(=O)c1ccccc1,1
CCc1ccc(CC)c(C(=O)CC(C)=O)c1,1
CC(=O)CC(=O)c1cc(C)ccc1C,1
O=[N+]([O-])c1ccc(Cl)c([N+](=O)[O-])c1,1
Nc1ccc(NCCO)c([N+](=O)[O-])c1,1
Nc1ccc(OCCO)c(N)c1,1
Nc1ccccc1O,1
O=Cc1cc(O)ccc1Br,1
COc1cc(C)ccc1O,1
Nc1ccc(N)c([N+](=O)[O-])c1,1
CCCCCCCCC(=O)NCCC(CCC(=O)O)c1ccccc1S(=O)(=O)O,1
Nc1ccc(Cl)c(Cl)c1,1
C=CCc1cc(C)c(OC)c(O)c1,1
O=C(CC(=O)C(F)(F)F)c1ccccc1,1
C=CCc1ccc(OC)cc1,1
CNc1ccc(O)cc1,1
Nc1ccc(N)cc1,1
Cc1ccc(N)cc1O,1
C=CCc1cc(OC)c(O)cc1C,1
C=CCc1cc(C)c(O)c(OC)c1,1
CC=Cc1cc(C)c(O)c(OC)c1,1
CCCCCC(C=O)=Cc1ccccc1,1
CCCCC(C=O)=Cc1ccccc1,1
CCCCCCC(C=O)=Cc1ccccc1,1
CC(C=O)=Cc1ccccc1,1
CC(C=O)c1ccccc1,1
Nc1ccccc1,1
BrCc1ccccc1,1
CC(=O)C=Cc1ccccc1,1
OCC=Cc1ccccc1,1
O=CC=Cc1ccccc1,1
CC(C=O)Cc1ccc(C(C)C)cc1,1
CCCc1ccc(O)c(OC)c1,1
CC=CC(=O)Oc1c(C(C)CCCCCC)cc([N+](=O)[O-])cc1[N+](=O)[O-],1
C=CCc1ccc(O)c(OC)c1,1
CC=Cc1ccc(O)c(OC)c1,1
CC=Cc1ccc(O)c(OC(C)C)c1,1
CCCCCCCCCCCCOC(=O)c1cc(O)c(O)c(O)c1,1
CNc1cccc(NC)c1,1
COc1ccc(NC(=O)CC(C)=O)cc1,1
Oc1cccc(O)c1,1
COc1ccc(C=O)cc1OC,1
O=Cc1cc(O)ccc1C=C(CC(=O)O)C(=O)O,1
CC(=O)CC(=O)c1cc(C)c(C)c(C)c1C,1
CCC(=O)C=Cc1ccc(OC)cc1,1
Oc1ccc(O)cc1,1
CC(=O)C(=O)c1ccccc1,1
CC(=O)C(C)C(=O)c1ccccc1,1
O=[N+]([O-])c1ccc(S(=O)(=O)O)c([N+](=O)[O-])c1,1
Cc1cc(N)ccc1N,1
Nc1cc([N+](=O)[O-])cc(Cl)c1O,1
Cc1ccc(NCCO)cc1O,1
Nc1cccc(O)c1,1
O=C(Cl)c1ccc(F)c(Cl)c1,1
CCOC(=O)CC(=O)c1cc(C)c(C)c(C)c1C,1
CC=Cc1ccc(O)c(OC)c1C,1
Nc1cccc(N)c1,1
CCOC(=O)c1ccc(CBr)cc1,1
CCN(CCNS(C)(=O)=O)c1ccc(N)c(C)c1,1
N#CSc1ccc(N)c([N+](=O)[O-])c1,1
O=[N+]([O-])c1ccc(CBr)cc1,1
CC(C)CC=C(C=O)c1ccccc1,1
CCCCCCCCCCCCCC[N+](C)(C)Cc1ccccc1,1
N#Cc1c(Cl)c(Cl)c(Cl)c(C#N)c1Cl,1
CCCc1ccc(OC)c(O)c1,1
CCOC(=O)c1ccc(I)cc1,1
CC=Cc1ccc(OC(C)C)c(OC)c1,1
COC(=O)c1ccc(CBr)cc1,1
NCc1cccc(CN)c1,1
CC(C)N(C(=N)N)C(=N)Nc1ccc(Cl)c(Cl)c1,1
Oc1c(Cl)c(Cl)c(Cl)c(Cl)c1Cl,1
O=CCc1ccccc1,1
Cc1ccc(CCC=O)cc1,1
CC(C=O)Cc1ccc(C(C)(C)C)cc1,1
CC(CC(=O)Oc1ccc(S(=O)(=O)O)cc1)CC(C)(C)C,1
CCCN(CCC)c1c([N+](=O)[O-])cc(C(F)(F)F)cc1[N+](=O)[O-],1
CCOC(=O)C(C)(C)Oc1ccc(Cl)cc1,0
Cc1cccc(O)c1O,1
Cc1cc(O)ccc1N,1
O=C(O)Cc1ccc(C(=O)O)cc1,1
Nc1ccc(N(CO)CCO)cc1[N+](=O)[O-],1
CN(C)c1ccc(N=O)cc1,1
CCCOC(=O)c1cc(O)c(O)c(O)c1,1
CC=C(C)C=O,0
C=C(C=CCC(C)C)CC,0
CS(=O)(=O)CCN,0
C=C(C)C(=O)OCC(C)O,0
OCCCCCCCl,0
O=C(O)CCCCC(=O)O,0
CCCCBr,0
CCCCCCCCCBr,0
CCCCO,0
CCCCCCCCCCl,0
COC(=O)OC,0
O=C(O)C=CC(=O)O,0
OCC(O)CO,0
CCCCCC,0
CCCCCCI,0
CCCCCCCCCCCCCCCCCCI,0
CC(C)O,0
CC(C)N(C#N)C#N,0
CC(O)C(=O)O,0
CCCCCCCC(=O)O,0
C=CC(=O)OCC(CO)(COC(=O)C=C)COC(=O)C=C,0
CC(O)CO,0
O=C(O)CCC(=O)O,0
O=C(O)C(O)C(O)C(=O)O,0
C=CC(=O)OCC(CC)(COC(=O)C=C)COC(=O)C=C,0
C=C(Cl)Cl,0
CCCCCCCC=CC=O,1
N#CCCC(Br)(C#N)CBr,1
OCCCCCCCCCCCCBr,1
CCCCCCCCCCCCCCCCCCCl,1
CCCCCCCCCCI,1
CN(N=O)C(=N)N[N+](=O)[O-],1
CCCC=CC=O,1
C=CC(=O)OCC(CC)CCCC,1
C=CC(=O)OCCO,1
CCCCCCCCCC(C)C=O,1
CC(CC(=O)Cl)CC(C)(C)C,1
CN(C)CCCN,1
CC(=O)C(=O)CC(C)C,1
CCN(CC)CCCCCCO,1
CCC=CCCCCC=O,1
CCCCCCCCCCCCCCCCCCCCCCBr,1
CCCCCCCCCCCCBr,1
CCCCCCCCCCCCCCCCCCCCBr,1
CCCCCCCCCCCCCCCCCBr,1
CCCCCCCCCCCCCCCCBr,1
CCCCCCBr,1
CCCCCCCCCCCCCCCCCCBr,1
CCCCCCCCCCCCCCCBr,1
CCCCCCCCCCCCCCBr,1
CCCCCCCCCCCCCBr,1
CCCCCCCCCCCBr,1
C=CC(=O)OCCCC,1
CCCCCCCCCCCCCCCl,1
CC(C)=CCCC(C)=CC=O,1
CCCCCCCCCCCCCCCCCl,1
CCOS(=O)(=O)OCC,1
CCC(C=O)CC,1
NCCNCCN,1
NCCCNCCCN,1
CCCCCCCCCCCCOS(C)(=O)=O,1
C=CC(=O)OCC,1
CCC(O)C(CO)CO,1
C=C(C)C(=O)OCCOC(=O)C(=C)C,1
C=C(C)C(=O)O,1
CC(CC=O)CCCC(C)(C)O,1
CCCCCCCCCCCCI,1
CCCCCCCCCCCCCCCCI,1
CCCCCCCCCI,1
CCCCCCCCCCCCCCI,1
CC(C)CCCCCC(=O)Cl,1
CCCCCCCCCCCCCC(=O)OC(C)C,1
C=CC(C)(O)CCC=C(C)C=O,1
CCCCCC=CCC=CCCCCCCCC(=O)O,1
CCCCCCC#CC(=O)OC,1
C=CC(=O)OC,1
CCCCCCCCCCCCCCC=CS(=O)(=O)OC,1
C=C(C)C(=O)OC,1
CCCCCCCCC(=O)Cl,1
CCCCCCCCO,1
CCCCCCCCC=CCCCCCCCC(=O)O,1
CCCCCCCCCCCCCCCC(=O)Cl,1
CC(CCCCN)C(C)(C)N,1
C=CCCCCCCCCC(=O)O,1
CC=CC=CC=O,1
O=C(O)CCCCCCCCCCCBr,1
CC(C)(C)C(=O)CC(=O)C(C)(C)C,1
CCC=CC=CC=O,1
CCCCCCCCCCCCC(Br)C(=O)O,1
CCN(CC)CCCCCCBr,1
CCCCCCCC(Br)CCCCCC,1
CC(=O)C(C)=O,1
CCOC(=O)C=CC(=O)OCC,1
COS(=O)(=O)OC,1
CS(C)=O,1
C=CC(=O)OCC(COC(=O)C=C)C(CC)OC(=O)C=C,1
NCCN,1
CC(C)=CCCC(C)=CCCC(C)=CC=O,1
CC(C)=CCCC(C)=CCO,1
O=CCCCC=O,1
O=C(CS)OCC(O)CO,1
O=CC=O,1
NCCNCCO,1
CCCCNC(=O)OC#CCI,1
CCCCCCCCCCCCOS(=O)(=O)O,1
CCC=CCC=CCC=CCCCCCCCC(=O)O,1
CCCCCCCCCCCCS(=O)(=O)OC,1
CCCCCCCCCCCCCCCCS(=O)(=O)OC,1
COS(C)(=O)=O,1
COC(=O)C(C)=O,1
CCCCCCCCCCCCCCCCC(CS(=O)(=O)O)C(=O)OC,1
CCN(N=O)C(N)=O,1
CN(N=O)C(N)=O,1
CCCCCCCCC=CCCCCCCCCOS(C)(=O)=O,1
O=C(O)C(=O)O,1
CCOC(=S)S,1
CCCCCCCCCCCC(=O)OC(C)C(=O)OC(C)C(=O)O,1
CC(C)=CCCC(C)=CCCC(C)=CCCC=C(C)CCC=C(C)CCC=C(C)C,1
CN(C)C(=S)SSC(=S)N(C)C,1
C=CCCCCCCCCC=O,1
CCCCCCCCC(=O)O,0
N#CC1CC(F)CN1C(=O)C(N)C(c1ccc(F)cc1)c1ccc(F)cc1,0
CC(C)(C)OC(=O)NC(C(=O)N1CC(F)CC1C#N)C(c1ccc(F)cc1)c1ccc(F)cc1,0
CON=C1CN(c2nc3c(cc2F)c(=O)c(C(=O)O)cn3C2CC2)CC1CN,1
CCCCCn1c(=O)[nH]c(=O)c2[nH]c(Cl)nc21,1
CCCCCCCCCCCCCCCC1=NC(C)(C)C(=O)O1,1
CCCCCCCCCCCCCCCCCC1=NC(C)(C)C(=O)O1,1
CCCCCCC1=NC(C)(C)C(=O)O1,1
CCCCCCCCCC1=NC(C)(C)C(=O)O1,1
CCCCCCCCCCCC1=NC(C)(C)C(=O)O1,1
CCCCC1=NC(C)(C)C(=O)O1,1
O=C(C(=O)c1ccco1)c1ccco1,0
CCOc1ccc(-c2nn3ncccc3c2-c2ccc(S(C)(=O)=O)cc2)cc1,0
O=C1C=CC2(O)C3Cc4ccc(O)c5c4C2(CCN3)C1O5,1
CC(C)C1=CC2=CCC3C(C)(C(=O)O)CCCC3(C)C2CC1,1
CCC1OC(=O)C(C)C(OC2CC(C)(OC)C(O)C(C)O2)C(C)C(OC2OC(C)CC(N(C)C)C2O)C(C)(O)CC(C)CN(C)C(C)C(O)C1(C)O,1
O=C(Oc1ccccc1)c1ccccc1,1
CCOC(=O)c1nnc[nH]1,0
Cc1c2ccc(N)cc2nn1C,0
O=C(O)c1cccc(-c2cc(Cl)cc([N+](=O)[O-])c2O)c1,1
O=Cc1ccc(-c2ccc(C(F)(F)F)cc2)cc1,0
ClCc1ccc2ccc3cccc4ccc1c2c34,1
COc1ccc(C2(C#N)CCC(C(=O)O)CC2)cc1OC1CCCC1,0
NCC1OC(OC2C(N)CC(N)C(OC3OC(CO)C(O)C(N)C3O)C2O)C(O)C(O)C1O,0
Oc1cccc2ccccc12,1
O=c1c(-c2ccccc2)c1-c1ccccc1,1
O=C(C(=O)c1ccccc1)C1=CCC(Br)(Br)C=C1,1
CC(C)(C)N(Cc1ccccc1)CC(O)c1ccc(O)c(CO)c1,0
O=CC=C(c1ccccc1)c1ccccc1,1
O=C1C([PH](c2ccccc2)(c2ccccc2)c2ccccc2)CCN1c1ccccc1,0
CC1(C)CC(CBr)C(=O)O1,1
FOC1=C2CCC(C2)C1,1
C=CC1(C)CC(OC(=O)CO)C2(C)C(C)CCC3(CCC(=O)C32)C(C)C1O,0
O=S(=O)(Cl)c1ccc2c(c1)OCO2,1
NC(=O)C1CC(F)CN1,0
CC(C)(C)OC(=O)N1CC(F)CC1C(N)=O,0
CC(C)(C)OC(=O)N1CC(F)CC1C(=O)O,0
CCCOc1ccc(Br)c(C(=O)c2ccc(OC)cc2O)c1,0
O=C(Oc1ccc([N+](=O)[O-])cc1)OC1COC2OCCC12,1
O=C1OC2(c3ccc(O)cc3Oc3cc(O)ccc32)c2ccc(N=C=S)cc21,1
CCC(C)C1C(=O)NC(C2Cc3ccccc3C2)C(=O)N1C(C(=O)N1CCOCC1)c1coc(C)n1,0
Cc1nc2ccccc2c(=O)o1,1
O=c1[nH]sc2ccccc12,1
C=C1C=CC(C(C)C)CC1,1
C=C1CC(C(=C)C)CC=C1C,1
CC(C)(C)c1ccc(OCC2CO2)cc1,1
O=C1NS(=O)(=O)c2ccccc21,0
